
INSERT INTO tipo_dato (codigo_tipo_dato, nombre, descripcion, estatus, tipo, parent_codigo_tipo_dato) VALUES (1, 'FASE', 'FASES DEL ENTRENAMIENTO', 'A', true, NULL);
INSERT INTO tipo_dato (codigo_tipo_dato, nombre, descripcion, estatus, tipo, parent_codigo_tipo_dato) VALUES (2, 'ACTIVIDAD ENTRENAMIENTO', 'ACTIVIDADES REALIZADAS EN EL ENTRENAMIENTO', 'A', false, NULL);
INSERT INTO tipo_dato (codigo_tipo_dato, nombre, descripcion, estatus, tipo, parent_codigo_tipo_dato) VALUES (3, 'ACTIVIDAD PLANIFICADA', 'ACTIVIDADES QUE SE PLANIFICAN EN EL ENTRENAMIENTO', 'A', false, NULL);
INSERT INTO tipo_dato (codigo_tipo_dato, nombre, descripcion, estatus, tipo, parent_codigo_tipo_dato) VALUES (4, 'ACTIVIDADES EJECUTADAS', 'ACTIVIDADES QUE SON EJECUTADAS EN EL ENTRENAMIENTO', 'A', false, NULL);
INSERT INTO tipo_dato (codigo_tipo_dato, nombre, descripcion, estatus, tipo, parent_codigo_tipo_dato) VALUES (5, 'ASISTENCIA JUGADOR', 'ASISTENCIA DE LOS JUGADORES A LA SESION', 'A', false, NULL);
INSERT INTO tipo_dato (codigo_tipo_dato, nombre, descripcion, estatus, tipo, parent_codigo_tipo_dato) VALUES (6, 'ASISTENCIA PERSONAL ENTRENAMIENTO', 'ASISTENCIA DE LOS MANAGERS Y MONITORES A LA SESION', 'A', false, NULL);
INSERT INTO tipo_dato (codigo_tipo_dato, nombre, descripcion, estatus, tipo, parent_codigo_tipo_dato) VALUES (7, 'DESEMPENNO JUGADOR', 'DESEMPEÑO DEL JUGADOR DURANTE LOS ENTRENAMIENTOS', 'A', false, NULL);
INSERT INTO tipo_dato (codigo_tipo_dato, nombre, descripcion, estatus, tipo, parent_codigo_tipo_dato) VALUES (8, 'ESCALA MEDICION', 'ESCALAS USADAS PARA MEDIR EL DESEMPEÑO DEL JUGADOR', 'A', false, NULL);
INSERT INTO tipo_dato (codigo_tipo_dato, nombre, descripcion, estatus, tipo, parent_codigo_tipo_dato) VALUES (9, 'HORARIO', 'HORARIO DE LAS CATEGORIAS PARA ENTRENAR', 'A', false, NULL);
INSERT INTO tipo_dato (codigo_tipo_dato, nombre, descripcion, estatus, tipo, parent_codigo_tipo_dato) VALUES (10, 'INDICADOR ACTIVIDAD ESCALA', 'INDICADORES EVALUADOS EN UNA ACTIVIDAD ESPECIFICA', 'A', false, NULL);
INSERT INTO tipo_dato (codigo_tipo_dato, nombre, descripcion, estatus, tipo, parent_codigo_tipo_dato) VALUES (11, 'INDICADOR TEST', 'INDICADORES EVALUADOS EN LOS TEST EVALUATIVOS', 'A', false, NULL);
INSERT INTO tipo_dato (codigo_tipo_dato, nombre, descripcion, estatus, tipo, parent_codigo_tipo_dato) VALUES (12, 'LAPSO DEPORTIVO', 'LAPSO DE TIEMPO EN EL CUAL SE DESENVUELVEN LAS ACTIVIDADES DE LA ESCUELA', 'A', false, NULL);
INSERT INTO tipo_dato (codigo_tipo_dato, nombre, descripcion, estatus, tipo, parent_codigo_tipo_dato) VALUES (13, 'PLAN ENTRENAMIENTO', 'PLANIFICACION DE LOS ENTRENAMIENTOS EN UN PERIODO DE TIEMPO', 'A', false, NULL);
INSERT INTO tipo_dato (codigo_tipo_dato, nombre, descripcion, estatus, tipo, parent_codigo_tipo_dato) VALUES (14, 'PLAN ROTACION', 'PLANIFICACION DE LAS INSTALACIONES PARA UN DIA', 'A', false, NULL);
INSERT INTO tipo_dato (codigo_tipo_dato, nombre, descripcion, estatus, tipo, parent_codigo_tipo_dato) VALUES (15, 'PLAN TEMPORADA', 'PLANIFICACION DE LOS MANAGERS Y HORARIOS EN UN LAPSO DEPORTIVO', 'A', false, NULL);
INSERT INTO tipo_dato (codigo_tipo_dato, nombre, descripcion, estatus, tipo, parent_codigo_tipo_dato) VALUES (16, 'SESION', 'SESION DE ENTRENAMIENTO PLANIFICADA', 'A', false, NULL);
INSERT INTO tipo_dato (codigo_tipo_dato, nombre, descripcion, estatus, tipo, parent_codigo_tipo_dato) VALUES (17, 'SESION EJECUTADA', 'SESION DE ENTRENAMIENTO EJECUTADA EN UNA FECHA ESPECIFICA', 'A', false, NULL);
INSERT INTO tipo_dato (codigo_tipo_dato, nombre, descripcion, estatus, tipo, parent_codigo_tipo_dato) VALUES (18, 'TEST EVALUATIVO', 'TEST REALIZADOS A UN EQUIPO ESPECIFICO', 'A', false, NULL);
INSERT INTO tipo_dato (codigo_tipo_dato, nombre, descripcion, estatus, tipo, parent_codigo_tipo_dato) VALUES (19, 'TEST JUGADOR', 'TEST REALIZADOS A LOS JUGADORES EN EL ENTRENAMIENTO', 'A', false, NULL);
INSERT INTO tipo_dato (codigo_tipo_dato, nombre, descripcion, estatus, tipo, parent_codigo_tipo_dato) VALUES (20, 'VALOR ESCALA', 'VALORES DE LAS ESCALAS USADAS PARA MEDIR EL DESEMPEÑO JUGADOR', 'A', false, NULL);
INSERT INTO tipo_dato (codigo_tipo_dato, nombre, descripcion, estatus, tipo, parent_codigo_tipo_dato) VALUES (21, 'CONCEPTO NOMINA', 'CONEPTO DE LA NOMINA', 'A', false, NULL);
INSERT INTO tipo_dato (codigo_tipo_dato, nombre, descripcion, estatus, tipo, parent_codigo_tipo_dato) VALUES (22, 'PERSONAL CONCEPTO NOMINA', 'CONCEPTO ASOCIADOS A LOS EMPLEADOS ', 'A', false, NULL);
INSERT INTO tipo_dato (codigo_tipo_dato, nombre, descripcion, estatus, tipo, parent_codigo_tipo_dato) VALUES (23, 'DATO ACADEMICO PERSONAL', 'LOS ESTUDIOS REALIZADOS POR LOS EMPLEADOS', 'A', false, NULL);
INSERT INTO tipo_dato (codigo_tipo_dato, nombre, descripcion, estatus, tipo, parent_codigo_tipo_dato) VALUES (24, 'PERSONAL CONTRATO', 'CONTIENE LA MODALIDAD DE CONTRATO Y EL HORARIO DE TRABAJO', 'A', false, NULL);
INSERT INTO tipo_dato (codigo_tipo_dato, nombre, descripcion, estatus, tipo, parent_codigo_tipo_dato) VALUES (25, 'AFECCION PERSONAL', 'LAS ALERGIAS ASOCIADAS A LOS EMPLEADOS ', 'A', false, NULL);
INSERT INTO tipo_dato (codigo_tipo_dato, nombre, descripcion, estatus, tipo, parent_codigo_tipo_dato) VALUES (26, 'PERSONAL', 'MANTIENE LA INFORMACION DE LOS EMPLEADOS Y EL PERSONAL ADHONOREN', 'A', false, NULL);
INSERT INTO tipo_dato (codigo_tipo_dato, nombre, descripcion, estatus, tipo, parent_codigo_tipo_dato) VALUES (27, 'DOCUMENTO ACREEDOR MATERIAL', 'ALMACENA LOS MATERIALES POR LAS DONACIONES', 'A', false, NULL);
INSERT INTO tipo_dato (codigo_tipo_dato, nombre, descripcion, estatus, tipo, parent_codigo_tipo_dato) VALUES (28, 'INGRESO DOCUMENTO ACREEDOR', 'ALMACENA  EL INGRESO DE DINERO GENERADOS POR LAS CUENTAS POR COBRAR', 'A', false, NULL);
INSERT INTO tipo_dato (codigo_tipo_dato, nombre, descripcion, estatus, tipo, parent_codigo_tipo_dato) VALUES (29, 'INGRESO', 'INGRESO', 'A', false, NULL);
INSERT INTO tipo_dato (codigo_tipo_dato, nombre, descripcion, estatus, tipo, parent_codigo_tipo_dato) VALUES (30, 'DOCUMENTO ACREEDOR', 'AMACENA TODAS LAS CUENTAS POR COBRAR', 'A', false, NULL);
INSERT INTO tipo_dato (codigo_tipo_dato, nombre, descripcion, estatus, tipo, parent_codigo_tipo_dato) VALUES (31, 'PERSONAL TIPO NOMINA', ' GUARDA LOS DIFREENTES TIPO DE NOMINA POR LO QUE PASA EL EMPLEADO', 'A', false, NULL);
INSERT INTO tipo_dato (codigo_tipo_dato, nombre, descripcion, estatus, tipo, parent_codigo_tipo_dato) VALUES (32, 'DOCUMENTO INDUMENTARIA', 'ALMACENA LOS DIVERSOS VESTUARIOS QUE COMPRA UN REPRESENTANTE', 'A', false, NULL);
INSERT INTO tipo_dato (codigo_tipo_dato, nombre, descripcion, estatus, tipo, parent_codigo_tipo_dato) VALUES (33, 'INGRESO FORMA DE PAGO', 'GUARDA LAS DIVERSAS MANERAS CON QUE CANCENLAN LAS CUENTAS', 'A', false, NULL);
INSERT INTO tipo_dato (codigo_tipo_dato, nombre, descripcion, estatus, tipo, parent_codigo_tipo_dato) VALUES (34, 'PERSONAL CARGO', 'ALMACENA TODOS LOS CARGOS QUE HA OCUPADO UN EMPLEADO', 'A', false, NULL);
INSERT INTO tipo_dato (codigo_tipo_dato, nombre, descripcion, estatus, tipo, parent_codigo_tipo_dato) VALUES (35, 'NOMINA', 'ALAMCENA LOS DISTINTAS PERIODOS CON LOS TIPO DE NOMINA RESPECTIVO', 'A', false, NULL);
INSERT INTO tipo_dato (codigo_tipo_dato, nombre, descripcion, estatus, tipo, parent_codigo_tipo_dato) VALUES (36, 'EGRESO CUENTA PAGAR', 'ALMACENA LOS CEUNTAS POR PAGAR QUE HAN SIDO CANCELADA', 'A', false, NULL);
INSERT INTO tipo_dato (codigo_tipo_dato, nombre, descripcion, estatus, tipo, parent_codigo_tipo_dato) VALUES (37, 'PERSONAL CARGO', 'ALMACENA TODOS LOS CARGOS QUE HA OCUPADO UN EMPLEADO', 'A', false, NULL);
INSERT INTO tipo_dato (codigo_tipo_dato, nombre, descripcion, estatus, tipo, parent_codigo_tipo_dato) VALUES (38, 'CUENTA PAGAR', 'REPRESENTA LOS DIVERSOS COMPROMISOS ADQUIRIDOS', 'A', false, NULL);
INSERT INTO tipo_dato (codigo_tipo_dato, nombre, descripcion, estatus, tipo, parent_codigo_tipo_dato) VALUES (39, 'PERSONAL CARGO', 'ALAMACENA TODOS LOS CARGOS QUE HA OCUPADO UN EMPLEADO', 'A', false, NULL);
INSERT INTO tipo_dato (codigo_tipo_dato, nombre, descripcion, estatus, tipo, parent_codigo_tipo_dato) VALUES (40, 'EGRESO', 'REPRESENTAN LOS PAGOS  REALIZADOS', 'A', false, NULL);
INSERT INTO tipo_dato (codigo_tipo_dato, nombre, descripcion, estatus, tipo, parent_codigo_tipo_dato) VALUES (41, 'EGRESO FORMA PAGO', ' REPRESENTA LAS DIVERSAS FORMAS EN QUE SE PUEDE CANCELAR', 'A', false, NULL);
INSERT INTO tipo_dato (codigo_tipo_dato, nombre, descripcion, estatus, tipo, parent_codigo_tipo_dato) VALUES (42, 'EGRESO', 'REPRESENTAN LOS PAGOS  REALIZADOS', 'A', false, NULL);
INSERT INTO tipo_dato (codigo_tipo_dato, nombre, descripcion, estatus, tipo, parent_codigo_tipo_dato) VALUES (43, 'CUENTA PAGAR MATERIAL', 'REPRESENTAN LOS MATERIALES QUE SE ADQUIERE A TRAVES DE UNA COMPRA', 'A', false, NULL);
INSERT INTO tipo_dato (codigo_tipo_dato, nombre, descripcion, estatus, tipo, parent_codigo_tipo_dato) VALUES (44, 'PROVEEDOR BANCO', 'ALMACENA LAS DISTINTAS CUENTAS BANCARIAS QUE POSEEN LOS PROVEEDORES', 'A', false, NULL);
INSERT INTO tipo_dato (codigo_tipo_dato, nombre, descripcion, estatus, tipo, parent_codigo_tipo_dato) VALUES (45, 'PERSONA', 'ALMACENA PARTE DE LOS DATOS BASICOS DE LA PERSONA ', 'A', false, NULL);
INSERT INTO tipo_dato (codigo_tipo_dato, nombre, descripcion, estatus, tipo, parent_codigo_tipo_dato) VALUES (46, 'PERSONA NATURAL', 'ALMACENA DATOS BASICOS QUE NO SE ENCUENTRA EN PERSONA Y ESTAN ASOCIADOS A PERSONA NATURAL', 'A', false, NULL);
INSERT INTO tipo_dato (codigo_tipo_dato, nombre, descripcion, estatus, tipo, parent_codigo_tipo_dato) VALUES (47, 'PERSONA JURIDICA', 'ALMACENA DATOS BASICOS QUE NO SE ENCUENTRA EN PERSONA Y ESTAN ASOCIADOS A PERSONA JURIDICA', 'A', false, NULL);
INSERT INTO tipo_dato (codigo_tipo_dato, nombre, descripcion, estatus, tipo, parent_codigo_tipo_dato) VALUES (48, 'PERSONA JURIDICA', 'ALMACENA DATOS BASICOS QUE NO SE ENCUENTRA EN PERSONA Y ESTAN ASOCIADOS A PERSONA JURIDICA', 'A', false, NULL);
INSERT INTO tipo_dato (codigo_tipo_dato, nombre, descripcion, estatus, tipo, parent_codigo_tipo_dato) VALUES (49, 'AFECCION', 'ALMACENA TODAS LA POSIBLES ENFERMEDADES ALERGIAS U OTRA QUE PUEDA PADECER UN JUGADOR O EMPLEADO', 'A', true, NULL);
INSERT INTO tipo_dato (codigo_tipo_dato, nombre, descripcion, estatus, tipo, parent_codigo_tipo_dato) VALUES (50, 'PERIODICIDAD DE LA NOMINA', 'GUARDA LOS PERIODOS EN QUE SE CANCELA LA NOMINA', 'A', true, NULL);
INSERT INTO tipo_dato (codigo_tipo_dato, nombre, descripcion, estatus, tipo, parent_codigo_tipo_dato) VALUES (51, 'TIPO NOMINA', 'GUARDA LOS DIFERENTES TIPO DE NOMINA QUE PUEDE PERTENECER UN EMPLEADO', 'A', true, 49);
INSERT INTO tipo_dato (codigo_tipo_dato, nombre, descripcion, estatus, tipo, parent_codigo_tipo_dato) VALUES (52, 'TIPO CONCEPTO NOMINA', 'GUARDA SI ES DEDUCCIONES O ASIGNACIONES', 'A', true, NULL);
INSERT INTO tipo_dato (codigo_tipo_dato, nombre, descripcion, estatus, tipo, parent_codigo_tipo_dato) VALUES (53, 'CARGO', 'GUARDA LOS POSIBLES CARGOS QUE PUEDE EJERCER UN EMPLEADO O PERSONA ADHONOREN', 'A', true, NULL);
INSERT INTO tipo_dato (codigo_tipo_dato, nombre, descripcion, estatus, tipo, parent_codigo_tipo_dato) VALUES (54, 'TIPO PERSONA', 'ALMACENA LAS DIFERENTES PERSONA', 'A', true, NULL);
INSERT INTO tipo_dato (codigo_tipo_dato, nombre, descripcion, estatus, tipo, parent_codigo_tipo_dato) VALUES (55, 'TIPO INGRESO', 'TIPO INGRESO', 'A', true, NULL);
INSERT INTO tipo_dato (codigo_tipo_dato, nombre, descripcion, estatus, tipo, parent_codigo_tipo_dato) VALUES (56, 'TIPO EGRESO', 'TIPO INGRESO', 'A', true, NULL);
INSERT INTO tipo_dato (codigo_tipo_dato, nombre, descripcion, estatus, tipo, parent_codigo_tipo_dato) VALUES (57, 'ENTIDAD BANCARIA', 'GUARDA LOS DIFERENTES NOBRE DE LOS BANCO', 'A', true, NULL);
INSERT INTO tipo_dato (codigo_tipo_dato, nombre, descripcion, estatus, tipo, parent_codigo_tipo_dato) VALUES (58, 'FORMA DE PAGO', 'FORMA DE PAGO', 'A', true, NULL);
INSERT INTO tipo_dato (codigo_tipo_dato, nombre, descripcion, estatus, tipo, parent_codigo_tipo_dato) VALUES (59, 'DOCUMENTO', 'ALMACENA LOS DOCUMENTOS ACREEDORES Y DEUDORES DE LAS OPERACIONES', 'A', true, NULL);
INSERT INTO tipo_dato (codigo_tipo_dato, nombre, descripcion, estatus, tipo, parent_codigo_tipo_dato) VALUES (60, 'HORARIO DE TRABAJO', 'HORARIO DE TRABAJO', 'A', true, NULL);
INSERT INTO tipo_dato (codigo_tipo_dato, nombre, descripcion, estatus, tipo, parent_codigo_tipo_dato) VALUES (61, 'CUENTA BANCARIA', 'ALMACENA EL TIPO DE CUENTA  ', 'A', true, NULL);
INSERT INTO tipo_dato (codigo_tipo_dato, nombre, descripcion, estatus, tipo, parent_codigo_tipo_dato) VALUES (62, 'TARJETA CREDITO', 'ALAMCENA LOS DIFERENTES TIPO QUE PUEDE SER UNA TARJETA DE CREDITO', 'A', true, NULL);
INSERT INTO tipo_dato (codigo_tipo_dato, nombre, descripcion, estatus, tipo, parent_codigo_tipo_dato) VALUES (63, 'MODALIDAD DE CONTRATO', 'ALMACENA EL TIPO DE MODALIDAD EN QUE PUEDE SER CONTRATADO UN EMPLEADO', 'A', true, NULL);
INSERT INTO tipo_dato (codigo_tipo_dato, nombre, descripcion, estatus, tipo, parent_codigo_tipo_dato) VALUES (64, 'PAIS', 'ALMACENA LOS DIFERENTES PAISES', 'A', true, NULL);
INSERT INTO tipo_dato (codigo_tipo_dato, nombre, descripcion, estatus, tipo, parent_codigo_tipo_dato) VALUES (65, 'ESTADO_VENEZUELA', 'GUARDA TODOS LOS ESTADOS DE VENEZUELA', 'A', true, 64);
INSERT INTO tipo_dato (codigo_tipo_dato, nombre, descripcion, estatus, tipo, parent_codigo_tipo_dato) VALUES (66, 'MUNICIPIO', 'GUARDA TODOS LOS MUNICIPIOS', 'A', true, 65);
INSERT INTO tipo_dato (codigo_tipo_dato, nombre, descripcion, estatus, tipo, parent_codigo_tipo_dato) VALUES (67, 'PARROQUIA', 'GUARDA TODOS LAS PARROQUIAS', 'A', true, 66);
INSERT INTO tipo_dato (codigo_tipo_dato, nombre, descripcion, estatus, tipo, parent_codigo_tipo_dato) VALUES (68, 'CODIGO_AREA', 'CONTIENE LOS DIFERENTES CODIGOS DE AREA DE LOS ESTADOS', 'A', true, NULL);
INSERT INTO tipo_dato (codigo_tipo_dato, nombre, descripcion, estatus, tipo, parent_codigo_tipo_dato) VALUES (69, 'CODIGO_CELULAR', 'CONTIENE LOS DIFERENTES CODIGOS DE CELULALES', 'A', true, NULL);
INSERT INTO tipo_dato (codigo_tipo_dato, nombre, descripcion, estatus, tipo, parent_codigo_tipo_dato) VALUES (70, 'GRUPO_SANGUINEO', 'CONTIENE TODOS LOS TIPOS DE GRUPOS SANGUINEOS', 'A', true, NULL);
INSERT INTO tipo_dato (codigo_tipo_dato, nombre, descripcion, estatus, tipo, parent_codigo_tipo_dato) VALUES (71, 'FACTOR_SANGUINEO', 'CONTIENE TODOS LOS TIPOS DE FACTORES SANGUINEOS', 'A', true, NULL);
INSERT INTO tipo_dato (codigo_tipo_dato, nombre, descripcion, estatus, tipo, parent_codigo_tipo_dato) VALUES (72, 'TIPO_AFECCION', 'CONTIENE LOS TIPOS DE AFECCION QUE PUEDE TENER UN JUGADOR', 'A', true, NULL);
INSERT INTO tipo_dato (codigo_tipo_dato, nombre, descripcion, estatus, tipo, parent_codigo_tipo_dato) VALUES (73, 'CURSO', 'ALMACENA LOS CURSOS ESCOLARES DE UN JUGADOR', 'A', true, NULL);
INSERT INTO tipo_dato (codigo_tipo_dato, nombre, descripcion, estatus, tipo, parent_codigo_tipo_dato) VALUES (74, 'ANNO_ESCOLAR', 'ALMACENA LOS DIFERENTES AÑOS ESCOLARES DE UN JUGADOR', 'A', true, NULL);
INSERT INTO tipo_dato (codigo_tipo_dato, nombre, descripcion, estatus, tipo, parent_codigo_tipo_dato) VALUES (75, 'ACTIVIDAD_SOCIAL', 'ALMACENA LAS ACTIVIDADES EXTRAS QUE REALIZA UN JUGADOR', 'A', true, NULL);
INSERT INTO tipo_dato (codigo_tipo_dato, nombre, descripcion, estatus, tipo, parent_codigo_tipo_dato) VALUES (76, 'CLASIFICACION', 'ALMACENA LA CLASIFICACION QUE TIENE UN EQUIPO', 'A', true, NULL);
INSERT INTO tipo_dato (codigo_tipo_dato, nombre, descripcion, estatus, tipo, parent_codigo_tipo_dato) VALUES (77, 'INDUMENTARIA', 'ALMACENA LOS TIPOS DE INDUMENTARIA', 'A', true, NULL);
INSERT INTO tipo_dato (codigo_tipo_dato, nombre, descripcion, estatus, tipo, parent_codigo_tipo_dato) VALUES (86, 'TIPO_INSTITUCION', 'ALMACENA LOS DIFERENTES TIPOS DE INSTITUCION QUE PUEDE TENER UN JUGADOR', 'A', true, NULL);
INSERT INTO tipo_dato (codigo_tipo_dato, nombre, descripcion, estatus, tipo, parent_codigo_tipo_dato) VALUES (87, 'SANCION', 'ALMACENA LOS DIFERENTES MOTIVOS DE SANCIONES QUE PUEDE TENER UN JUGADOR', 'A', true, NULL);
INSERT INTO tipo_dato (codigo_tipo_dato, nombre, descripcion, estatus, tipo, parent_codigo_tipo_dato) VALUES (88, 'SUSPENSION', 'ALMACENA LOS TIPOS DE SUSPENSION QUE PUEDE TENER UN JUGADOR POR COMETER UNA SANCION', 'A', true, NULL);
INSERT INTO tipo_dato (codigo_tipo_dato, nombre, descripcion, estatus, tipo, parent_codigo_tipo_dato) VALUES (89, 'RETIRO', 'ALMACENA LOS DIFERENTES MOTIVOS DE RETIROS DE UN JUGADOR', 'A', true, NULL);
INSERT INTO tipo_dato (codigo_tipo_dato, nombre, descripcion, estatus, tipo, parent_codigo_tipo_dato) VALUES (90, 'ESPECIALIDAD', 'ALMACENA LAS ESPECIALIDADES QUE PUEDE TENER UN MEDICO', 'A', true, NULL);
INSERT INTO tipo_dato (codigo_tipo_dato, nombre, descripcion, estatus, tipo, parent_codigo_tipo_dato) VALUES (91, 'LOGRO', 'ALMACENA LOS DIFERENTES LOGROS O MERITOS QUE PUEDE RECIBIR UN JUGADOR', 'A', true, NULL);
INSERT INTO tipo_dato (codigo_tipo_dato, nombre, descripcion, estatus, tipo, parent_codigo_tipo_dato) VALUES (79, 'PARENTESCO', 'ALMACENA LOS DIFERENETES PARENTESCO', 'A', true, NULL);
INSERT INTO tipo_dato (codigo_tipo_dato, nombre, descripcion, estatus, tipo, parent_codigo_tipo_dato) VALUES (80, 'PROFESION', 'ALMACENA LAS DIFERENTES PROFESIONES ', 'A', true, NULL);
INSERT INTO tipo_dato (codigo_tipo_dato, nombre, descripcion, estatus, tipo, parent_codigo_tipo_dato) VALUES (82, 'PROCESO', 'ALMACENA LOS DIFERENETES PROCESOS QUE PUEDE TENER UN RECAUDO', 'A', true, NULL);
INSERT INTO tipo_dato (codigo_tipo_dato, nombre, descripcion, estatus, tipo, parent_codigo_tipo_dato) VALUES (84, 'TIPO_DOCUMENTO', 'ALMACENA LOS TIPOS DE DOCUMENTOS QUE PUEDE TENER UN JUGADOR', 'A', true, NULL);
INSERT INTO tipo_dato (codigo_tipo_dato, nombre, descripcion, estatus, tipo, parent_codigo_tipo_dato) VALUES (85, 'INSCRIPCION', 'ALMACENA LOS TIPOS DE INSCRIPCIONES QUE PUEDE TENER UN JUGADOR', 'A', true, NULL);
INSERT INTO tipo_dato (codigo_tipo_dato, nombre, descripcion, estatus, tipo, parent_codigo_tipo_dato) VALUES (83, 'DOCUMENTO', 'ALMACENA LOS DOCUMENTOS QUE LE SON SOLICITADOS A UN JUGADOR', 'A', true, 84);
INSERT INTO tipo_dato (codigo_tipo_dato, nombre, descripcion, estatus, tipo, parent_codigo_tipo_dato) VALUES (81, 'IMPORTANCIA', 'ALMACENA LA IMPORTANCIA DEL DOCUMENTO', 'A', true, NULL);
INSERT INTO tipo_dato (codigo_tipo_dato, nombre, descripcion, estatus, tipo, parent_codigo_tipo_dato) VALUES (93, 'INDICADOR ENTRENAMIENTO', 'INDICADORES A EVALUAR  EN EL ENTRENAMIENTO', 'A', true, NULL);
INSERT INTO tipo_dato (codigo_tipo_dato, nombre, descripcion, estatus, tipo, parent_codigo_tipo_dato) VALUES (94, 'TIPO LAPSO DEPORTIVO', 'TIPIFICACION LAPSO DEPORTIVO', 'A', true, NULL);
INSERT INTO tipo_dato (codigo_tipo_dato, nombre, descripcion, estatus, tipo, parent_codigo_tipo_dato) VALUES (95, 'DIA SEMANA', 'DIAS DE LA SEMANA', 'A', true, NULL);
INSERT INTO tipo_dato (codigo_tipo_dato, nombre, descripcion, estatus, tipo, parent_codigo_tipo_dato) VALUES (96, 'BRAZO_LANZAR', 'ALMACENA EL BRAZO QUE UTILIZA EL JUGADOR PARA LANZAR', 'A', true, NULL);
INSERT INTO tipo_dato (codigo_tipo_dato, nombre, descripcion, estatus, tipo, parent_codigo_tipo_dato) VALUES (97, 'POSICION_BATEO', 'ALMACENA LA POSICION QUE USA EL JUGADOR PARA BATEAR', 'A', true, NULL);
INSERT INTO tipo_dato (codigo_tipo_dato, nombre, descripcion, estatus, tipo, parent_codigo_tipo_dato) VALUES (78, 'TALLA_INDUMENTARIA', 'ALMACENA LAS TALLAS DISPONIBLES POR INDUMENTARIA', 'A', true, 77);
INSERT INTO tipo_dato (codigo_tipo_dato, nombre, descripcion, estatus, tipo, parent_codigo_tipo_dato) VALUES (99, 'ESTADO CIVIL', 'ESTADO CIVIL', 'A', true, NULL);
INSERT INTO tipo_dato (codigo_tipo_dato, nombre, descripcion, estatus, tipo, parent_codigo_tipo_dato) VALUES (100, 'TIPO INSTALACION', 'ALMACENA LOS TIPOS DE INSTALACIONES CON LOS QUE CUENTA LA ESCUELA', 'A', true, NULL);
INSERT INTO tipo_dato (codigo_tipo_dato, nombre, descripcion, estatus, tipo, parent_codigo_tipo_dato) VALUES (101, 'TIPO TAREA', 'ALMACENA LOS TIPOS DE TAREAS QUE SE REALIZAN DENTRO DE LA ESCUELA', 'A', true, NULL);
INSERT INTO tipo_dato (codigo_tipo_dato, nombre, descripcion, estatus, tipo, parent_codigo_tipo_dato) VALUES (102, 'COMISION', 'ALMACENA LAS COMISIONES DE REPRESENTANTES QUE EXISTEN EN LA ESCUELA', 'A', true, NULL);
INSERT INTO tipo_dato (codigo_tipo_dato, nombre, descripcion, estatus, tipo, parent_codigo_tipo_dato) VALUES (103, 'UNIDAD DE MEDIDA', 'ALMACENA LAS UNIDADES DE MEDIDA QUE POSEEN LOS MATERIALES DEL ALMACEN', 'A', true, NULL);
INSERT INTO tipo_dato (codigo_tipo_dato, nombre, descripcion, estatus, tipo, parent_codigo_tipo_dato) VALUES (104, 'ESTADO ACTIVIDAD', 'ALMACENA LOS DISTINTOS ESTADOS POR LOS QUE PASA UNA ACTIVIDAD', 'A', true, NULL);
INSERT INTO tipo_dato (codigo_tipo_dato, nombre, descripcion, estatus, tipo, parent_codigo_tipo_dato) VALUES (105, 'RESULTADO ACTIVIDAD', 'ALMACENA LOS DISTINTOS RESULTADOS OBTENIDOS AL EJECUTAR UNA ACTIVIDAD', 'A', true, NULL);
INSERT INTO tipo_dato (codigo_tipo_dato, nombre, descripcion, estatus, tipo, parent_codigo_tipo_dato) VALUES (106, 'TIPO MATERIAL', 'ALMACENA EL TIPO DE UN MATERIAL. SI ES DEPORTIVO, DE MANTENIMIENTO, ETC', 'A', true, NULL);
INSERT INTO tipo_dato (codigo_tipo_dato, nombre, descripcion, estatus, tipo, parent_codigo_tipo_dato) VALUES (107, 'CLASIFICACION MATERIAL', 'ALMACENA LA CLASE DE UN MATERIAL DEPENDIENDO DEL TIPO AL QUE PERTENECE', 'A', true, 106);
INSERT INTO tipo_dato (codigo_tipo_dato, nombre, descripcion, estatus, tipo, parent_codigo_tipo_dato) VALUES (108, 'TIPO MANTENIMIENTO', 'ALMACENA EL TIPO DE UN MANTENIMIENTO. SI ES PREVENTIVO, CORRECTIVO , ETC', 'A', true, NULL);
INSERT INTO tipo_dato (codigo_tipo_dato, nombre, descripcion, estatus, tipo, parent_codigo_tipo_dato) VALUES (109, 'CLASIFICACION DE MANTENIMIENTO', 'ALMACENA LA CLASE DE UN MANTENIMIENTO DEPENDIENDO DE SU TIPO', 'A', true, 108);
INSERT INTO tipo_dato (codigo_tipo_dato, nombre, descripcion, estatus, tipo, parent_codigo_tipo_dato) VALUES (110, 'TAREA', 'ALMACENA LAS TAREAS NECESARIAS PARA COMPLETAR UNA ACTIVIDAD', 'A', true, 101);
INSERT INTO tipo_dato (codigo_tipo_dato, nombre, descripcion, estatus, tipo, parent_codigo_tipo_dato) VALUES (98, 'GENERO', 'GENERO', 'A', true, NULL);
INSERT INTO tipo_dato (codigo_tipo_dato, nombre, descripcion, estatus, tipo, parent_codigo_tipo_dato) VALUES (92, 'ASCENSO', 'ALMACENA LOS TIPOS DE ASCENSO DE CATEGORIA QUE PUEDE TENER UN JUGADOR', 'A', true, NULL);


--
-- TOC entry 3020 (class 0 OID 51822)
-- Dependencies: 1953 3121
-- Data for Name: dato_basico; Type: TABLE DATA; Schema: public; Owner: postgres
--

INSERT INTO dato_basico (codigo_dato_basico, codigo_tipo_dato, nombre, descripcion, estatus, parent_codigo_dato_basico) VALUES (145, 82, 'INSCRIPCION', 'PROCESO DE LA ORGANIZACION', 'A', NULL);
INSERT INTO dato_basico (codigo_dato_basico, codigo_tipo_dato, nombre, descripcion, estatus, parent_codigo_dato_basico) VALUES (146, 82, 'ASCENSO', 'PROCESO DE LA ORGANIZACION', 'A', NULL);
INSERT INTO dato_basico (codigo_dato_basico, codigo_tipo_dato, nombre, descripcion, estatus, parent_codigo_dato_basico) VALUES (1, 64, 'VENEZUELA', NULL, 'A', NULL);
INSERT INTO dato_basico (codigo_dato_basico, codigo_tipo_dato, nombre, descripcion, estatus, parent_codigo_dato_basico) VALUES (147, 84, 'PERSONAL', 'DOCUMENTOS PERSONALES', 'A', NULL);
INSERT INTO dato_basico (codigo_dato_basico, codigo_tipo_dato, nombre, descripcion, estatus, parent_codigo_dato_basico) VALUES (3, 65, 'ANZOATEGUI', NULL, 'A', 1);
INSERT INTO dato_basico (codigo_dato_basico, codigo_tipo_dato, nombre, descripcion, estatus, parent_codigo_dato_basico) VALUES (2, 65, 'AMAZONAS', NULL, 'A', 1);
INSERT INTO dato_basico (codigo_dato_basico, codigo_tipo_dato, nombre, descripcion, estatus, parent_codigo_dato_basico) VALUES (4, 65, 'APURE', NULL, 'A', 1);
INSERT INTO dato_basico (codigo_dato_basico, codigo_tipo_dato, nombre, descripcion, estatus, parent_codigo_dato_basico) VALUES (5, 65, 'ARAGUA', NULL, 'A', 1);
INSERT INTO dato_basico (codigo_dato_basico, codigo_tipo_dato, nombre, descripcion, estatus, parent_codigo_dato_basico) VALUES (6, 65, 'BARINAS', NULL, 'A', 1);
INSERT INTO dato_basico (codigo_dato_basico, codigo_tipo_dato, nombre, descripcion, estatus, parent_codigo_dato_basico) VALUES (7, 65, 'BOLIVAR', NULL, 'A', 1);
INSERT INTO dato_basico (codigo_dato_basico, codigo_tipo_dato, nombre, descripcion, estatus, parent_codigo_dato_basico) VALUES (8, 65, 'CARABOBO', NULL, 'A', 1);
INSERT INTO dato_basico (codigo_dato_basico, codigo_tipo_dato, nombre, descripcion, estatus, parent_codigo_dato_basico) VALUES (9, 65, 'COJEDES', NULL, 'A', 1);
INSERT INTO dato_basico (codigo_dato_basico, codigo_tipo_dato, nombre, descripcion, estatus, parent_codigo_dato_basico) VALUES (10, 65, 'DELTA AMACURO', NULL, 'A', 1);
INSERT INTO dato_basico (codigo_dato_basico, codigo_tipo_dato, nombre, descripcion, estatus, parent_codigo_dato_basico) VALUES (11, 65, 'DISTRITO CAPITAL', NULL, 'A', 1);
INSERT INTO dato_basico (codigo_dato_basico, codigo_tipo_dato, nombre, descripcion, estatus, parent_codigo_dato_basico) VALUES (12, 65, 'FALCON', NULL, 'A', 1);
INSERT INTO dato_basico (codigo_dato_basico, codigo_tipo_dato, nombre, descripcion, estatus, parent_codigo_dato_basico) VALUES (15, 65, 'MERIDA', NULL, 'A', 1);
INSERT INTO dato_basico (codigo_dato_basico, codigo_tipo_dato, nombre, descripcion, estatus, parent_codigo_dato_basico) VALUES (13, 65, 'GUARICO', NULL, 'A', 1);
INSERT INTO dato_basico (codigo_dato_basico, codigo_tipo_dato, nombre, descripcion, estatus, parent_codigo_dato_basico) VALUES (14, 65, 'LARA', NULL, 'A', 1);
INSERT INTO dato_basico (codigo_dato_basico, codigo_tipo_dato, nombre, descripcion, estatus, parent_codigo_dato_basico) VALUES (18, 65, 'NUEVA ESPARTA', NULL, 'A', 1);
INSERT INTO dato_basico (codigo_dato_basico, codigo_tipo_dato, nombre, descripcion, estatus, parent_codigo_dato_basico) VALUES (17, 65, 'MONAGAS', NULL, 'A', 1);
INSERT INTO dato_basico (codigo_dato_basico, codigo_tipo_dato, nombre, descripcion, estatus, parent_codigo_dato_basico) VALUES (19, 65, 'PORTUGUESA', NULL, 'A', 1);
INSERT INTO dato_basico (codigo_dato_basico, codigo_tipo_dato, nombre, descripcion, estatus, parent_codigo_dato_basico) VALUES (16, 65, 'MIRANDA', NULL, 'A', 1);
INSERT INTO dato_basico (codigo_dato_basico, codigo_tipo_dato, nombre, descripcion, estatus, parent_codigo_dato_basico) VALUES (20, 65, 'SUCRE', NULL, 'A', 1);
INSERT INTO dato_basico (codigo_dato_basico, codigo_tipo_dato, nombre, descripcion, estatus, parent_codigo_dato_basico) VALUES (23, 65, 'VARGAS', NULL, 'A', 1);
INSERT INTO dato_basico (codigo_dato_basico, codigo_tipo_dato, nombre, descripcion, estatus, parent_codigo_dato_basico) VALUES (21, 65, 'TACHIRA', NULL, 'A', 1);
INSERT INTO dato_basico (codigo_dato_basico, codigo_tipo_dato, nombre, descripcion, estatus, parent_codigo_dato_basico) VALUES (22, 65, 'TRUJILLO', NULL, 'A', 1);
INSERT INTO dato_basico (codigo_dato_basico, codigo_tipo_dato, nombre, descripcion, estatus, parent_codigo_dato_basico) VALUES (25, 65, 'ZULIA', NULL, 'A', 1);
INSERT INTO dato_basico (codigo_dato_basico, codigo_tipo_dato, nombre, descripcion, estatus, parent_codigo_dato_basico) VALUES (27, 66, 'CRESPO', NULL, 'A', 14);
INSERT INTO dato_basico (codigo_dato_basico, codigo_tipo_dato, nombre, descripcion, estatus, parent_codigo_dato_basico) VALUES (24, 65, 'YARACUY', NULL, 'A', 1);
INSERT INTO dato_basico (codigo_dato_basico, codigo_tipo_dato, nombre, descripcion, estatus, parent_codigo_dato_basico) VALUES (26, 66, 'ANDRES ELOY BLANCO', NULL, 'A', 14);
INSERT INTO dato_basico (codigo_dato_basico, codigo_tipo_dato, nombre, descripcion, estatus, parent_codigo_dato_basico) VALUES (28, 66, 'IRIBARREN', NULL, 'A', 14);
INSERT INTO dato_basico (codigo_dato_basico, codigo_tipo_dato, nombre, descripcion, estatus, parent_codigo_dato_basico) VALUES (29, 66, 'JIMENEZ', NULL, 'A', 14);
INSERT INTO dato_basico (codigo_dato_basico, codigo_tipo_dato, nombre, descripcion, estatus, parent_codigo_dato_basico) VALUES (30, 66, 'MORAN', NULL, 'A', 14);
INSERT INTO dato_basico (codigo_dato_basico, codigo_tipo_dato, nombre, descripcion, estatus, parent_codigo_dato_basico) VALUES (31, 66, 'PALAVECINOS', NULL, 'A', 14);
INSERT INTO dato_basico (codigo_dato_basico, codigo_tipo_dato, nombre, descripcion, estatus, parent_codigo_dato_basico) VALUES (32, 66, 'SIMON PLANAS', NULL, 'A', 14);
INSERT INTO dato_basico (codigo_dato_basico, codigo_tipo_dato, nombre, descripcion, estatus, parent_codigo_dato_basico) VALUES (33, 66, 'TORRES', NULL, 'A', 14);
INSERT INTO dato_basico (codigo_dato_basico, codigo_tipo_dato, nombre, descripcion, estatus, parent_codigo_dato_basico) VALUES (34, 66, 'URDANETA', NULL, 'A', 14);
INSERT INTO dato_basico (codigo_dato_basico, codigo_tipo_dato, nombre, descripcion, estatus, parent_codigo_dato_basico) VALUES (35, 67, 'SANTA ROSA', NULL, 'A', 28);
INSERT INTO dato_basico (codigo_dato_basico, codigo_tipo_dato, nombre, descripcion, estatus, parent_codigo_dato_basico) VALUES (36, 67, 'CATEDRAL', NULL, 'A', 28);
INSERT INTO dato_basico (codigo_dato_basico, codigo_tipo_dato, nombre, descripcion, estatus, parent_codigo_dato_basico) VALUES (37, 67, 'CONCEPCION', NULL, 'A', 28);
INSERT INTO dato_basico (codigo_dato_basico, codigo_tipo_dato, nombre, descripcion, estatus, parent_codigo_dato_basico) VALUES (38, 68, '0251', 'BARQUISIMETO', 'A', NULL);
INSERT INTO dato_basico (codigo_dato_basico, codigo_tipo_dato, nombre, descripcion, estatus, parent_codigo_dato_basico) VALUES (39, 68, '0254', 'SAN FELIPE', 'A', NULL);
INSERT INTO dato_basico (codigo_dato_basico, codigo_tipo_dato, nombre, descripcion, estatus, parent_codigo_dato_basico) VALUES (40, 68, '0255', 'ACARIGUA', 'A', NULL);
INSERT INTO dato_basico (codigo_dato_basico, codigo_tipo_dato, nombre, descripcion, estatus, parent_codigo_dato_basico) VALUES (41, 69, '0412', 'DIGITEL', 'A', NULL);
INSERT INTO dato_basico (codigo_dato_basico, codigo_tipo_dato, nombre, descripcion, estatus, parent_codigo_dato_basico) VALUES (42, 69, '0414', 'MOVISTAR', 'A', NULL);
INSERT INTO dato_basico (codigo_dato_basico, codigo_tipo_dato, nombre, descripcion, estatus, parent_codigo_dato_basico) VALUES (43, 69, '0416', 'MOVILNET', 'A', NULL);
INSERT INTO dato_basico (codigo_dato_basico, codigo_tipo_dato, nombre, descripcion, estatus, parent_codigo_dato_basico) VALUES (44, 69, '0424', 'MOVISTAR', 'A', NULL);
INSERT INTO dato_basico (codigo_dato_basico, codigo_tipo_dato, nombre, descripcion, estatus, parent_codigo_dato_basico) VALUES (45, 69, '0426', 'MOVILNET', 'A', NULL);
INSERT INTO dato_basico (codigo_dato_basico, codigo_tipo_dato, nombre, descripcion, estatus, parent_codigo_dato_basico) VALUES (46, 70, 'A', 'GRUPO A', 'A', NULL);
INSERT INTO dato_basico (codigo_dato_basico, codigo_tipo_dato, nombre, descripcion, estatus, parent_codigo_dato_basico) VALUES (47, 70, 'B', 'GRUPO B', 'A', NULL);
INSERT INTO dato_basico (codigo_dato_basico, codigo_tipo_dato, nombre, descripcion, estatus, parent_codigo_dato_basico) VALUES (48, 70, 'AB', 'GRUPO AB', 'A', NULL);
INSERT INTO dato_basico (codigo_dato_basico, codigo_tipo_dato, nombre, descripcion, estatus, parent_codigo_dato_basico) VALUES (49, 70, 'O', 'GRUPO O', 'A', NULL);
INSERT INTO dato_basico (codigo_dato_basico, codigo_tipo_dato, nombre, descripcion, estatus, parent_codigo_dato_basico) VALUES (50, 71, 'RH+', 'POSITIVO', 'A', NULL);
INSERT INTO dato_basico (codigo_dato_basico, codigo_tipo_dato, nombre, descripcion, estatus, parent_codigo_dato_basico) VALUES (51, 71, 'RH-', 'NEGATIVO', 'A', NULL);
INSERT INTO dato_basico (codigo_dato_basico, codigo_tipo_dato, nombre, descripcion, estatus, parent_codigo_dato_basico) VALUES (53, 72, 'LESION', NULL, 'A', NULL);
INSERT INTO dato_basico (codigo_dato_basico, codigo_tipo_dato, nombre, descripcion, estatus, parent_codigo_dato_basico) VALUES (52, 72, 'AFECCION', NULL, 'A', NULL);
INSERT INTO dato_basico (codigo_dato_basico, codigo_tipo_dato, nombre, descripcion, estatus, parent_codigo_dato_basico) VALUES (55, 49, 'ASMA', NULL, 'A', 52);
INSERT INTO dato_basico (codigo_dato_basico, codigo_tipo_dato, nombre, descripcion, estatus, parent_codigo_dato_basico) VALUES (56, 49, 'SINUSITIS', NULL, 'A', 52);
INSERT INTO dato_basico (codigo_dato_basico, codigo_tipo_dato, nombre, descripcion, estatus, parent_codigo_dato_basico) VALUES (54, 49, 'ALERGIA', NULL, 'A', 52);
INSERT INTO dato_basico (codigo_dato_basico, codigo_tipo_dato, nombre, descripcion, estatus, parent_codigo_dato_basico) VALUES (61, 73, '2DO NIVEL', NULL, 'A', NULL);
INSERT INTO dato_basico (codigo_dato_basico, codigo_tipo_dato, nombre, descripcion, estatus, parent_codigo_dato_basico) VALUES (57, 49, 'FRACTURA DE MUÑECA', NULL, 'A', 53);
INSERT INTO dato_basico (codigo_dato_basico, codigo_tipo_dato, nombre, descripcion, estatus, parent_codigo_dato_basico) VALUES (58, 49, 'TORCEDURA DEL TOBILLO', NULL, 'A', 53);
INSERT INTO dato_basico (codigo_dato_basico, codigo_tipo_dato, nombre, descripcion, estatus, parent_codigo_dato_basico) VALUES (59, 49, 'FRACTURA DE RADIO', NULL, 'A', 53);
INSERT INTO dato_basico (codigo_dato_basico, codigo_tipo_dato, nombre, descripcion, estatus, parent_codigo_dato_basico) VALUES (63, 73, '1ER GRADO', NULL, 'A', NULL);
INSERT INTO dato_basico (codigo_dato_basico, codigo_tipo_dato, nombre, descripcion, estatus, parent_codigo_dato_basico) VALUES (62, 73, '3ER NIVEL', NULL, 'A', NULL);
INSERT INTO dato_basico (codigo_dato_basico, codigo_tipo_dato, nombre, descripcion, estatus, parent_codigo_dato_basico) VALUES (64, 73, '2DO GRADO', NULL, 'A', NULL);
INSERT INTO dato_basico (codigo_dato_basico, codigo_tipo_dato, nombre, descripcion, estatus, parent_codigo_dato_basico) VALUES (65, 73, '3ER GRADO', NULL, 'A', NULL);
INSERT INTO dato_basico (codigo_dato_basico, codigo_tipo_dato, nombre, descripcion, estatus, parent_codigo_dato_basico) VALUES (67, 73, '5TO GRADO', NULL, 'A', NULL);
INSERT INTO dato_basico (codigo_dato_basico, codigo_tipo_dato, nombre, descripcion, estatus, parent_codigo_dato_basico) VALUES (66, 73, '4TO GRADO', NULL, 'A', NULL);
INSERT INTO dato_basico (codigo_dato_basico, codigo_tipo_dato, nombre, descripcion, estatus, parent_codigo_dato_basico) VALUES (68, 73, '6TO GRADO', NULL, 'A', NULL);
INSERT INTO dato_basico (codigo_dato_basico, codigo_tipo_dato, nombre, descripcion, estatus, parent_codigo_dato_basico) VALUES (69, 73, '7MO GRADO', NULL, 'A', NULL);
INSERT INTO dato_basico (codigo_dato_basico, codigo_tipo_dato, nombre, descripcion, estatus, parent_codigo_dato_basico) VALUES (70, 73, '8VO GRADO', NULL, 'A', NULL);
INSERT INTO dato_basico (codigo_dato_basico, codigo_tipo_dato, nombre, descripcion, estatus, parent_codigo_dato_basico) VALUES (72, 73, 'CUARTO AÑO', NULL, 'A', NULL);
INSERT INTO dato_basico (codigo_dato_basico, codigo_tipo_dato, nombre, descripcion, estatus, parent_codigo_dato_basico) VALUES (71, 73, '9NO GRADO', NULL, 'A', NULL);
INSERT INTO dato_basico (codigo_dato_basico, codigo_tipo_dato, nombre, descripcion, estatus, parent_codigo_dato_basico) VALUES (73, 73, 'QUINTO AÑO', NULL, 'A', NULL);
INSERT INTO dato_basico (codigo_dato_basico, codigo_tipo_dato, nombre, descripcion, estatus, parent_codigo_dato_basico) VALUES (76, 74, '2010-2011', NULL, 'A', NULL);
INSERT INTO dato_basico (codigo_dato_basico, codigo_tipo_dato, nombre, descripcion, estatus, parent_codigo_dato_basico) VALUES (74, 73, 'SEXTO AÑO', NULL, 'A', NULL);
INSERT INTO dato_basico (codigo_dato_basico, codigo_tipo_dato, nombre, descripcion, estatus, parent_codigo_dato_basico) VALUES (60, 73, '1ER NIVEL', NULL, 'A', NULL);
INSERT INTO dato_basico (codigo_dato_basico, codigo_tipo_dato, nombre, descripcion, estatus, parent_codigo_dato_basico) VALUES (75, 74, '2009-2010', NULL, 'A', NULL);
INSERT INTO dato_basico (codigo_dato_basico, codigo_tipo_dato, nombre, descripcion, estatus, parent_codigo_dato_basico) VALUES (77, 74, '2011-2012', NULL, 'A', NULL);
INSERT INTO dato_basico (codigo_dato_basico, codigo_tipo_dato, nombre, descripcion, estatus, parent_codigo_dato_basico) VALUES (78, 74, '2012-2013', NULL, 'A', NULL);
INSERT INTO dato_basico (codigo_dato_basico, codigo_tipo_dato, nombre, descripcion, estatus, parent_codigo_dato_basico) VALUES (79, 75, 'DANZA', NULL, 'A', NULL);
INSERT INTO dato_basico (codigo_dato_basico, codigo_tipo_dato, nombre, descripcion, estatus, parent_codigo_dato_basico) VALUES (82, 75, 'TEATRO', NULL, 'A', NULL);
INSERT INTO dato_basico (codigo_dato_basico, codigo_tipo_dato, nombre, descripcion, estatus, parent_codigo_dato_basico) VALUES (81, 75, 'PINTURA', NULL, 'A', NULL);
INSERT INTO dato_basico (codigo_dato_basico, codigo_tipo_dato, nombre, descripcion, estatus, parent_codigo_dato_basico) VALUES (83, 75, 'FUTBOL', NULL, 'A', NULL);
INSERT INTO dato_basico (codigo_dato_basico, codigo_tipo_dato, nombre, descripcion, estatus, parent_codigo_dato_basico) VALUES (85, 75, 'OTRO DEPORTE', NULL, 'A', NULL);
INSERT INTO dato_basico (codigo_dato_basico, codigo_tipo_dato, nombre, descripcion, estatus, parent_codigo_dato_basico) VALUES (84, 75, 'BASKETBALL', NULL, 'A', NULL);
INSERT INTO dato_basico (codigo_dato_basico, codigo_tipo_dato, nombre, descripcion, estatus, parent_codigo_dato_basico) VALUES (86, 75, 'OTRA ACTIVIDAD', NULL, 'A', NULL);
INSERT INTO dato_basico (codigo_dato_basico, codigo_tipo_dato, nombre, descripcion, estatus, parent_codigo_dato_basico) VALUES (80, 75, 'MUSICA', NULL, 'A', NULL);
INSERT INTO dato_basico (codigo_dato_basico, codigo_tipo_dato, nombre, descripcion, estatus, parent_codigo_dato_basico) VALUES (87, 76, 'A', NULL, 'A', NULL);
INSERT INTO dato_basico (codigo_dato_basico, codigo_tipo_dato, nombre, descripcion, estatus, parent_codigo_dato_basico) VALUES (89, 76, 'C', NULL, 'A', NULL);
INSERT INTO dato_basico (codigo_dato_basico, codigo_tipo_dato, nombre, descripcion, estatus, parent_codigo_dato_basico) VALUES (88, 76, 'B', NULL, 'A', NULL);
INSERT INTO dato_basico (codigo_dato_basico, codigo_tipo_dato, nombre, descripcion, estatus, parent_codigo_dato_basico) VALUES (90, 76, 'D', NULL, 'A', NULL);
INSERT INTO dato_basico (codigo_dato_basico, codigo_tipo_dato, nombre, descripcion, estatus, parent_codigo_dato_basico) VALUES (91, 76, 'E', NULL, 'A', NULL);
INSERT INTO dato_basico (codigo_dato_basico, codigo_tipo_dato, nombre, descripcion, estatus, parent_codigo_dato_basico) VALUES (92, 76, 'F', NULL, 'A', NULL);
INSERT INTO dato_basico (codigo_dato_basico, codigo_tipo_dato, nombre, descripcion, estatus, parent_codigo_dato_basico) VALUES (95, 77, 'CALZADO', NULL, 'A', NULL);
INSERT INTO dato_basico (codigo_dato_basico, codigo_tipo_dato, nombre, descripcion, estatus, parent_codigo_dato_basico) VALUES (114, 79, 'ABUELO(A)', NULL, 'A', NULL);
INSERT INTO dato_basico (codigo_dato_basico, codigo_tipo_dato, nombre, descripcion, estatus, parent_codigo_dato_basico) VALUES (93, 77, 'CAMISA', NULL, 'A', NULL);
INSERT INTO dato_basico (codigo_dato_basico, codigo_tipo_dato, nombre, descripcion, estatus, parent_codigo_dato_basico) VALUES (113, 79, 'MADRE', NULL, 'A', NULL);
INSERT INTO dato_basico (codigo_dato_basico, codigo_tipo_dato, nombre, descripcion, estatus, parent_codigo_dato_basico) VALUES (115, 79, 'HERMANO(A)', NULL, 'A', NULL);
INSERT INTO dato_basico (codigo_dato_basico, codigo_tipo_dato, nombre, descripcion, estatus, parent_codigo_dato_basico) VALUES (116, 79, 'TIO(A)', NULL, 'A', NULL);
INSERT INTO dato_basico (codigo_dato_basico, codigo_tipo_dato, nombre, descripcion, estatus, parent_codigo_dato_basico) VALUES (118, 79, 'OTRO(A)', NULL, 'A', NULL);
INSERT INTO dato_basico (codigo_dato_basico, codigo_tipo_dato, nombre, descripcion, estatus, parent_codigo_dato_basico) VALUES (117, 79, 'PRIMO(A)', NULL, 'A', NULL);
INSERT INTO dato_basico (codigo_dato_basico, codigo_tipo_dato, nombre, descripcion, estatus, parent_codigo_dato_basico) VALUES (120, 80, 'LIC.EN EDUCACION', NULL, 'A', NULL);
INSERT INTO dato_basico (codigo_dato_basico, codigo_tipo_dato, nombre, descripcion, estatus, parent_codigo_dato_basico) VALUES (112, 79, 'PADRE', NULL, 'A', NULL);
INSERT INTO dato_basico (codigo_dato_basico, codigo_tipo_dato, nombre, descripcion, estatus, parent_codigo_dato_basico) VALUES (122, 80, 'PINTOR', NULL, 'A', NULL);
INSERT INTO dato_basico (codigo_dato_basico, codigo_tipo_dato, nombre, descripcion, estatus, parent_codigo_dato_basico) VALUES (121, 80, 'INGENIERO', NULL, 'A', NULL);
INSERT INTO dato_basico (codigo_dato_basico, codigo_tipo_dato, nombre, descripcion, estatus, parent_codigo_dato_basico) VALUES (123, 80, 'MEDICO', NULL, 'A', NULL);
INSERT INTO dato_basico (codigo_dato_basico, codigo_tipo_dato, nombre, descripcion, estatus, parent_codigo_dato_basico) VALUES (124, 80, 'QUIMICO', NULL, 'A', NULL);
INSERT INTO dato_basico (codigo_dato_basico, codigo_tipo_dato, nombre, descripcion, estatus, parent_codigo_dato_basico) VALUES (128, 81, 'OPCIONAL', NULL, 'A', NULL);
INSERT INTO dato_basico (codigo_dato_basico, codigo_tipo_dato, nombre, descripcion, estatus, parent_codigo_dato_basico) VALUES (126, 92, 'ESPECIAL', NULL, 'A', NULL);
INSERT INTO dato_basico (codigo_dato_basico, codigo_tipo_dato, nombre, descripcion, estatus, parent_codigo_dato_basico) VALUES (125, 92, 'EDAD', NULL, 'A', NULL);
INSERT INTO dato_basico (codigo_dato_basico, codigo_tipo_dato, nombre, descripcion, estatus, parent_codigo_dato_basico) VALUES (119, 80, 'ABOGADO', NULL, 'A', NULL);
INSERT INTO dato_basico (codigo_dato_basico, codigo_tipo_dato, nombre, descripcion, estatus, parent_codigo_dato_basico) VALUES (131, 86, 'EDUCATIVA', NULL, 'A', NULL);
INSERT INTO dato_basico (codigo_dato_basico, codigo_tipo_dato, nombre, descripcion, estatus, parent_codigo_dato_basico) VALUES (127, 81, 'OBLIGATORIO', NULL, 'A', NULL);
INSERT INTO dato_basico (codigo_dato_basico, codigo_tipo_dato, nombre, descripcion, estatus, parent_codigo_dato_basico) VALUES (130, 85, 'REINGRESO', NULL, 'A', NULL);
INSERT INTO dato_basico (codigo_dato_basico, codigo_tipo_dato, nombre, descripcion, estatus, parent_codigo_dato_basico) VALUES (129, 85, 'NUEVO INGRESO', NULL, 'A', NULL);
INSERT INTO dato_basico (codigo_dato_basico, codigo_tipo_dato, nombre, descripcion, estatus, parent_codigo_dato_basico) VALUES (132, 86, 'RECREATIVA', NULL, 'A', NULL);
INSERT INTO dato_basico (codigo_dato_basico, codigo_tipo_dato, nombre, descripcion, estatus, parent_codigo_dato_basico) VALUES (139, 90, 'CIRUJANO', NULL, 'A', NULL);
INSERT INTO dato_basico (codigo_dato_basico, codigo_tipo_dato, nombre, descripcion, estatus, parent_codigo_dato_basico) VALUES (135, 88, 'DIA', NULL, 'A', NULL);
INSERT INTO dato_basico (codigo_dato_basico, codigo_tipo_dato, nombre, descripcion, estatus, parent_codigo_dato_basico) VALUES (136, 88, 'JUEGO', NULL, 'A', NULL);
INSERT INTO dato_basico (codigo_dato_basico, codigo_tipo_dato, nombre, descripcion, estatus, parent_codigo_dato_basico) VALUES (137, 89, 'POR ENFERMEDAD', NULL, 'A', NULL);
INSERT INTO dato_basico (codigo_dato_basico, codigo_tipo_dato, nombre, descripcion, estatus, parent_codigo_dato_basico) VALUES (138, 89, 'POR VIAJE', NULL, 'A', NULL);
INSERT INTO dato_basico (codigo_dato_basico, codigo_tipo_dato, nombre, descripcion, estatus, parent_codigo_dato_basico) VALUES (140, 90, 'OTORRINOLARINGOLOGO', NULL, 'A', NULL);
INSERT INTO dato_basico (codigo_dato_basico, codigo_tipo_dato, nombre, descripcion, estatus, parent_codigo_dato_basico) VALUES (134, 87, 'Mala Conducta', NULL, 'A', NULL);
INSERT INTO dato_basico (codigo_dato_basico, codigo_tipo_dato, nombre, descripcion, estatus, parent_codigo_dato_basico) VALUES (133, 87, 'FALTA A UN COMPAÑERO', NULL, 'A', NULL);
INSERT INTO dato_basico (codigo_dato_basico, codigo_tipo_dato, nombre, descripcion, estatus, parent_codigo_dato_basico) VALUES (142, 91, 'CHAMPION EN PITCHEO', NULL, 'A', NULL);
INSERT INTO dato_basico (codigo_dato_basico, codigo_tipo_dato, nombre, descripcion, estatus, parent_codigo_dato_basico) VALUES (141, 91, 'CHAMPION EN BATEO', NULL, 'A', NULL);
INSERT INTO dato_basico (codigo_dato_basico, codigo_tipo_dato, nombre, descripcion, estatus, parent_codigo_dato_basico) VALUES (148, 84, 'ACADEMICO', 'DOCUMENTO ACADEMICO', 'A', NULL);
INSERT INTO dato_basico (codigo_dato_basico, codigo_tipo_dato, nombre, descripcion, estatus, parent_codigo_dato_basico) VALUES (149, 82, 'ACTUALIZACION', 'PROCESO DE LA ORGANIZACION', 'A', NULL);
INSERT INTO dato_basico (codigo_dato_basico, codigo_tipo_dato, nombre, descripcion, estatus, parent_codigo_dato_basico) VALUES (150, 84, 'MEDICO', 'DOCUMENTO MEDICO', 'A', NULL);
INSERT INTO dato_basico (codigo_dato_basico, codigo_tipo_dato, nombre, descripcion, estatus, parent_codigo_dato_basico) VALUES (151, 83, 'PARTIDA DE NACIMIENTO', 'PARTIDA DE NACIMIENTO', 'A', 147);
INSERT INTO dato_basico (codigo_dato_basico, codigo_tipo_dato, nombre, descripcion, estatus, parent_codigo_dato_basico) VALUES (152, 83, 'CONSTANCIA DE ESTUDIOS', 'CONSTANCIA DE ESTUDIOS', 'A', 148);
INSERT INTO dato_basico (codigo_dato_basico, codigo_tipo_dato, nombre, descripcion, estatus, parent_codigo_dato_basico) VALUES (153, 1, 'CALENTAMIENTO', 'ETAPA PREVIA PARA CALENTAR LOS MUSCULOS', 'A', NULL);
INSERT INTO dato_basico (codigo_dato_basico, codigo_tipo_dato, nombre, descripcion, estatus, parent_codigo_dato_basico) VALUES (154, 1, 'TECNICA', 'ETAPA DONDE SE PRACTICAN LAS HABILIDADES TECNICAS', 'A', NULL);
INSERT INTO dato_basico (codigo_dato_basico, codigo_tipo_dato, nombre, descripcion, estatus, parent_codigo_dato_basico) VALUES (155, 8, 'CUALITATIVA', 'ESCALA NO CONTABILIZABLE', 'A', NULL);
INSERT INTO dato_basico (codigo_dato_basico, codigo_tipo_dato, nombre, descripcion, estatus, parent_codigo_dato_basico) VALUES (156, 9, 'CUANTITATIVA', 'ESCALA CONTABILIZABLE', 'A', NULL);
INSERT INTO dato_basico (codigo_dato_basico, codigo_tipo_dato, nombre, descripcion, estatus, parent_codigo_dato_basico) VALUES (157, 93, 'FUERZA', '---', 'A', NULL);
INSERT INTO dato_basico (codigo_dato_basico, codigo_tipo_dato, nombre, descripcion, estatus, parent_codigo_dato_basico) VALUES (158, 93, 'VELOCIDAD', '---', 'A', NULL);
INSERT INTO dato_basico (codigo_dato_basico, codigo_tipo_dato, nombre, descripcion, estatus, parent_codigo_dato_basico) VALUES (159, 94, 'PLAN VACACIONAL', '---', 'A', NULL);
INSERT INTO dato_basico (codigo_dato_basico, codigo_tipo_dato, nombre, descripcion, estatus, parent_codigo_dato_basico) VALUES (160, 94, 'TEMPORADA REGULAR', '---', 'A', NULL);
INSERT INTO dato_basico (codigo_dato_basico, codigo_tipo_dato, nombre, descripcion, estatus, parent_codigo_dato_basico) VALUES (161, 50, 'SEMANAL', NULL, 'A', NULL);
INSERT INTO dato_basico (codigo_dato_basico, codigo_tipo_dato, nombre, descripcion, estatus, parent_codigo_dato_basico) VALUES (162, 50, 'QUINCENAL', NULL, 'A', NULL);
INSERT INTO dato_basico (codigo_dato_basico, codigo_tipo_dato, nombre, descripcion, estatus, parent_codigo_dato_basico) VALUES (205, 51, 'OBRERO', NULL, 'A', 161);
INSERT INTO dato_basico (codigo_dato_basico, codigo_tipo_dato, nombre, descripcion, estatus, parent_codigo_dato_basico) VALUES (206, 51, 'EMPLEADO', NULL, 'A', 162);
INSERT INTO dato_basico (codigo_dato_basico, codigo_tipo_dato, nombre, descripcion, estatus, parent_codigo_dato_basico) VALUES (163, 52, 'ASIGNACION', NULL, 'A', NULL);
INSERT INTO dato_basico (codigo_dato_basico, codigo_tipo_dato, nombre, descripcion, estatus, parent_codigo_dato_basico) VALUES (164, 52, 'DEDUCCION', NULL, 'A', NULL);
INSERT INTO dato_basico (codigo_dato_basico, codigo_tipo_dato, nombre, descripcion, estatus, parent_codigo_dato_basico) VALUES (165, 53, 'SECRETARIA', NULL, 'A', NULL);
INSERT INTO dato_basico (codigo_dato_basico, codigo_tipo_dato, nombre, descripcion, estatus, parent_codigo_dato_basico) VALUES (166, 53, 'MANAGER', NULL, 'A', NULL);
INSERT INTO dato_basico (codigo_dato_basico, codigo_tipo_dato, nombre, descripcion, estatus, parent_codigo_dato_basico) VALUES (167, 53, 'MONITOR', NULL, 'A', NULL);
INSERT INTO dato_basico (codigo_dato_basico, codigo_tipo_dato, nombre, descripcion, estatus, parent_codigo_dato_basico) VALUES (168, 53, 'MANTENIMIENTO', NULL, 'A', NULL);
INSERT INTO dato_basico (codigo_dato_basico, codigo_tipo_dato, nombre, descripcion, estatus, parent_codigo_dato_basico) VALUES (169, 54, 'PERSONAL REMUNERADO', NULL, 'A', NULL);
INSERT INTO dato_basico (codigo_dato_basico, codigo_tipo_dato, nombre, descripcion, estatus, parent_codigo_dato_basico) VALUES (170, 54, 'PERSONAL ADHONOREN', NULL, 'A', NULL);
INSERT INTO dato_basico (codigo_dato_basico, codigo_tipo_dato, nombre, descripcion, estatus, parent_codigo_dato_basico) VALUES (171, 54, 'REPRESENTANTE', NULL, 'A', NULL);
INSERT INTO dato_basico (codigo_dato_basico, codigo_tipo_dato, nombre, descripcion, estatus, parent_codigo_dato_basico) VALUES (172, 54, 'JUGADOR', NULL, 'A', NULL);
INSERT INTO dato_basico (codigo_dato_basico, codigo_tipo_dato, nombre, descripcion, estatus, parent_codigo_dato_basico) VALUES (173, 54, 'CLIENTE', NULL, 'A', NULL);
INSERT INTO dato_basico (codigo_dato_basico, codigo_tipo_dato, nombre, descripcion, estatus, parent_codigo_dato_basico) VALUES (174, 54, 'PROVEEDOR DE SERVICIO', NULL, 'A', NULL);
INSERT INTO dato_basico (codigo_dato_basico, codigo_tipo_dato, nombre, descripcion, estatus, parent_codigo_dato_basico) VALUES (175, 54, 'PROVEEDOR DE MATERIALES', NULL, 'A', NULL);
INSERT INTO dato_basico (codigo_dato_basico, codigo_tipo_dato, nombre, descripcion, estatus, parent_codigo_dato_basico) VALUES (176, 55, 'PAGO REPRESENTANTE', NULL, 'A', NULL);
INSERT INTO dato_basico (codigo_dato_basico, codigo_tipo_dato, nombre, descripcion, estatus, parent_codigo_dato_basico) VALUES (177, 55, 'PUBLICIDAD', NULL, 'A', NULL);
INSERT INTO dato_basico (codigo_dato_basico, codigo_tipo_dato, nombre, descripcion, estatus, parent_codigo_dato_basico) VALUES (178, 55, 'APORTE ESPECIALES', NULL, 'A', NULL);
INSERT INTO dato_basico (codigo_dato_basico, codigo_tipo_dato, nombre, descripcion, estatus, parent_codigo_dato_basico) VALUES (179, 55, 'DONACION', NULL, 'A', NULL);
INSERT INTO dato_basico (codigo_dato_basico, codigo_tipo_dato, nombre, descripcion, estatus, parent_codigo_dato_basico) VALUES (180, 55, 'PAGO REPRESENTANTE', NULL, 'A', NULL);
INSERT INTO dato_basico (codigo_dato_basico, codigo_tipo_dato, nombre, descripcion, estatus, parent_codigo_dato_basico) VALUES (181, 56, 'NOMINA', NULL, 'A', NULL);
INSERT INTO dato_basico (codigo_dato_basico, codigo_tipo_dato, nombre, descripcion, estatus, parent_codigo_dato_basico) VALUES (182, 56, 'ADQUISION', NULL, 'A', NULL);
INSERT INTO dato_basico (codigo_dato_basico, codigo_tipo_dato, nombre, descripcion, estatus, parent_codigo_dato_basico) VALUES (183, 56, 'SERVICIO', NULL, 'A', NULL);
INSERT INTO dato_basico (codigo_dato_basico, codigo_tipo_dato, nombre, descripcion, estatus, parent_codigo_dato_basico) VALUES (184, 56, 'BONOS Y VIATICOS', NULL, 'A', NULL);
INSERT INTO dato_basico (codigo_dato_basico, codigo_tipo_dato, nombre, descripcion, estatus, parent_codigo_dato_basico) VALUES (185, 56, 'LIQUIDACION EMPLEADO', NULL, 'A', NULL);
INSERT INTO dato_basico (codigo_dato_basico, codigo_tipo_dato, nombre, descripcion, estatus, parent_codigo_dato_basico) VALUES (186, 57, 'VENEZUELA', NULL, 'A', NULL);
INSERT INTO dato_basico (codigo_dato_basico, codigo_tipo_dato, nombre, descripcion, estatus, parent_codigo_dato_basico) VALUES (187, 57, 'BOD', NULL, 'A', NULL);
INSERT INTO dato_basico (codigo_dato_basico, codigo_tipo_dato, nombre, descripcion, estatus, parent_codigo_dato_basico) VALUES (188, 57, 'BANESCO', NULL, 'A', NULL);
INSERT INTO dato_basico (codigo_dato_basico, codigo_tipo_dato, nombre, descripcion, estatus, parent_codigo_dato_basico) VALUES (189, 58, 'TARJETA DE CREDITO', NULL, 'A', NULL);
INSERT INTO dato_basico (codigo_dato_basico, codigo_tipo_dato, nombre, descripcion, estatus, parent_codigo_dato_basico) VALUES (190, 58, 'EFECTIVO', NULL, 'A', NULL);
INSERT INTO dato_basico (codigo_dato_basico, codigo_tipo_dato, nombre, descripcion, estatus, parent_codigo_dato_basico) VALUES (191, 58, 'CHEQUE', NULL, 'A', NULL);
INSERT INTO dato_basico (codigo_dato_basico, codigo_tipo_dato, nombre, descripcion, estatus, parent_codigo_dato_basico) VALUES (192, 58, 'TRANSFERENCIA', NULL, 'A', NULL);
INSERT INTO dato_basico (codigo_dato_basico, codigo_tipo_dato, nombre, descripcion, estatus, parent_codigo_dato_basico) VALUES (193, 58, 'TARJETA DE DEBITO', NULL, 'A', NULL);
INSERT INTO dato_basico (codigo_dato_basico, codigo_tipo_dato, nombre, descripcion, estatus, parent_codigo_dato_basico) VALUES (194, 58, 'DEPOSITO', NULL, 'A', NULL);
INSERT INTO dato_basico (codigo_dato_basico, codigo_tipo_dato, nombre, descripcion, estatus, parent_codigo_dato_basico) VALUES (195, 59, 'FACTURA', NULL, 'A', NULL);
INSERT INTO dato_basico (codigo_dato_basico, codigo_tipo_dato, nombre, descripcion, estatus, parent_codigo_dato_basico) VALUES (196, 59, 'RECIBO', NULL, 'A', NULL);
INSERT INTO dato_basico (codigo_dato_basico, codigo_tipo_dato, nombre, descripcion, estatus, parent_codigo_dato_basico) VALUES (197, 59, 'ORDEN DE PAGO', NULL, 'A', NULL);
INSERT INTO dato_basico (codigo_dato_basico, codigo_tipo_dato, nombre, descripcion, estatus, parent_codigo_dato_basico) VALUES (198, 60, 'TIEMPO COMPLETO', NULL, 'A', NULL);
INSERT INTO dato_basico (codigo_dato_basico, codigo_tipo_dato, nombre, descripcion, estatus, parent_codigo_dato_basico) VALUES (199, 60, 'MEDIO TIEMPO', NULL, 'A', NULL);
INSERT INTO dato_basico (codigo_dato_basico, codigo_tipo_dato, nombre, descripcion, estatus, parent_codigo_dato_basico) VALUES (200, 61, 'AHORRRO', NULL, 'A', NULL);
INSERT INTO dato_basico (codigo_dato_basico, codigo_tipo_dato, nombre, descripcion, estatus, parent_codigo_dato_basico) VALUES (201, 61, 'CORRIENTE', NULL, 'A', NULL);
INSERT INTO dato_basico (codigo_dato_basico, codigo_tipo_dato, nombre, descripcion, estatus, parent_codigo_dato_basico) VALUES (202, 62, 'MASTER CARD', NULL, 'A', NULL);
INSERT INTO dato_basico (codigo_dato_basico, codigo_tipo_dato, nombre, descripcion, estatus, parent_codigo_dato_basico) VALUES (203, 63, 'FIJO', NULL, 'A', NULL);
INSERT INTO dato_basico (codigo_dato_basico, codigo_tipo_dato, nombre, descripcion, estatus, parent_codigo_dato_basico) VALUES (204, 63, 'CONTRATO', NULL, 'A', NULL);
INSERT INTO dato_basico (codigo_dato_basico, codigo_tipo_dato, nombre, descripcion, estatus, parent_codigo_dato_basico) VALUES (207, 96, 'ZURDO', NULL, 'A', NULL);
INSERT INTO dato_basico (codigo_dato_basico, codigo_tipo_dato, nombre, descripcion, estatus, parent_codigo_dato_basico) VALUES (208, 96, 'DERECHO', NULL, 'A', NULL);
INSERT INTO dato_basico (codigo_dato_basico, codigo_tipo_dato, nombre, descripcion, estatus, parent_codigo_dato_basico) VALUES (209, 96, 'AMBIDIESTRO', NULL, 'A', NULL);
INSERT INTO dato_basico (codigo_dato_basico, codigo_tipo_dato, nombre, descripcion, estatus, parent_codigo_dato_basico) VALUES (210, 97, 'ZURDO', NULL, 'A', NULL);
INSERT INTO dato_basico (codigo_dato_basico, codigo_tipo_dato, nombre, descripcion, estatus, parent_codigo_dato_basico) VALUES (211, 97, 'DERECHO', NULL, 'A', NULL);
INSERT INTO dato_basico (codigo_dato_basico, codigo_tipo_dato, nombre, descripcion, estatus, parent_codigo_dato_basico) VALUES (213, 97, 'AMBIDIESTRO', NULL, 'A', NULL);
INSERT INTO dato_basico (codigo_dato_basico, codigo_tipo_dato, nombre, descripcion, estatus, parent_codigo_dato_basico) VALUES (214, 98, 'MASCULINO', NULL, 'A', NULL);
INSERT INTO dato_basico (codigo_dato_basico, codigo_tipo_dato, nombre, descripcion, estatus, parent_codigo_dato_basico) VALUES (215, 98, 'FEMENINO', NULL, 'A', NULL);
INSERT INTO dato_basico (codigo_dato_basico, codigo_tipo_dato, nombre, descripcion, estatus, parent_codigo_dato_basico) VALUES (216, 99, 'SOLTERO', NULL, 'A', NULL);
INSERT INTO dato_basico (codigo_dato_basico, codigo_tipo_dato, nombre, descripcion, estatus, parent_codigo_dato_basico) VALUES (217, 99, 'CASADO', NULL, 'A', NULL);
INSERT INTO dato_basico (codigo_dato_basico, codigo_tipo_dato, nombre, descripcion, estatus, parent_codigo_dato_basico) VALUES (218, 99, 'VIUDO', NULL, 'A', NULL);
INSERT INTO dato_basico (codigo_dato_basico, codigo_tipo_dato, nombre, descripcion, estatus, parent_codigo_dato_basico) VALUES (219, 99, 'DIVORCIADO', NULL, 'A', NULL);
INSERT INTO dato_basico (codigo_dato_basico, codigo_tipo_dato, nombre, descripcion, estatus, parent_codigo_dato_basico) VALUES (220, 100, 'AREAS VERDES', 'AREAS VERDES DE LA ESCUELA', 'A', NULL);
INSERT INTO dato_basico (codigo_dato_basico, codigo_tipo_dato, nombre, descripcion, estatus, parent_codigo_dato_basico) VALUES (221, 100, 'TERRENO DEL CAMPO', 'LUGAR DONDE SE REALIZAN LAS COMPETENCIAS Y ENTRENAMIENTOS DE LOS NIÑOS', 'A', NULL);
INSERT INTO dato_basico (codigo_dato_basico, codigo_tipo_dato, nombre, descripcion, estatus, parent_codigo_dato_basico) VALUES (222, 100, 'AREAS INTERNAS ', 'AREAS INTERNAS DE LA ESCUELA', 'A', NULL);
INSERT INTO dato_basico (codigo_dato_basico, codigo_tipo_dato, nombre, descripcion, estatus, parent_codigo_dato_basico) VALUES (223, 101, 'TAREA DE MANTENIMIENTO', 'TAREAS REALIZADAS POR EL PERSONAL DE MANTENIMIENTO DE LA ESCUELA', 'A', NULL);
INSERT INTO dato_basico (codigo_dato_basico, codigo_tipo_dato, nombre, descripcion, estatus, parent_codigo_dato_basico) VALUES (224, 101, 'TAREA PARA ACTIVIDADES COMPLEMENTARIAS', 'TAREAS REALIZADAS PARA LLEVAR ACABO LAS ACTIVIDADES COMPLEMENTARIAS', 'A', NULL);
INSERT INTO dato_basico (codigo_dato_basico, codigo_tipo_dato, nombre, descripcion, estatus, parent_codigo_dato_basico) VALUES (225, 110, 'CORTAR CESPED', 'TAREA REALIZADA PARA MANTENER EL CESPED A LA ALTURA CORRECTA', 'A', 223);
INSERT INTO dato_basico (codigo_dato_basico, codigo_tipo_dato, nombre, descripcion, estatus, parent_codigo_dato_basico) VALUES (226, 110, 'IRRIGAR EL CAMPO', 'TAREA REALIZADA PARA PROPORCIONAR EL AGUA NECESRIA AL CAMPO', 'A', 223);
INSERT INTO dato_basico (codigo_dato_basico, codigo_tipo_dato, nombre, descripcion, estatus, parent_codigo_dato_basico) VALUES (227, 110, 'EXPLANAR CAMPO', 'TAREA REALIZADA PARA ALISAR LAS AREAS SIN CESPED', 'A', 223);
INSERT INTO dato_basico (codigo_dato_basico, codigo_tipo_dato, nombre, descripcion, estatus, parent_codigo_dato_basico) VALUES (228, 110, 'RASTRILLAR CAMPO', 'TAREA REALIZADA PARA ALISAR AREAS SECAS DEL CAMPO', 'A', 223);
INSERT INTO dato_basico (codigo_dato_basico, codigo_tipo_dato, nombre, descripcion, estatus, parent_codigo_dato_basico) VALUES (229, 110, 'MARCAR CAMPO', 'TAREA QUE PERMITE REALIZAR LA SEPARACION DE LAS AREAS DEL CAMPO', 'A', 223);
INSERT INTO dato_basico (codigo_dato_basico, codigo_tipo_dato, nombre, descripcion, estatus, parent_codigo_dato_basico) VALUES (230, 110, 'APISIONAR CAMPO', 'TAREA REALIZADA PARA COMPACTAR LA ARCILLA EN LAS AREAS DEL MONTICULO Y HOME', 'A', 223);
INSERT INTO dato_basico (codigo_dato_basico, codigo_tipo_dato, nombre, descripcion, estatus, parent_codigo_dato_basico) VALUES (231, 110, 'COLOCAR LONA', 'TAREA REALIZADA PARA PROTEGER AL CAMPO DE LA LLUVIA', 'A', 223);
INSERT INTO dato_basico (codigo_dato_basico, codigo_tipo_dato, nombre, descripcion, estatus, parent_codigo_dato_basico) VALUES (232, 110, 'AIREACION DEL CAMPO', 'TAREA REALIZADA PARA MANTENER AL CAMPO EN BUENAS CONDICIONES', 'A', 223);
INSERT INTO dato_basico (codigo_dato_basico, codigo_tipo_dato, nombre, descripcion, estatus, parent_codigo_dato_basico) VALUES (233, 110, 'FERTILIZAR EL CAMPO', 'TAREA REALIZADA PARA MANTENER EL CAMPO CON LOS NUTRIENTES QUE NECESITA', 'A', 223);
INSERT INTO dato_basico (codigo_dato_basico, codigo_tipo_dato, nombre, descripcion, estatus, parent_codigo_dato_basico) VALUES (234, 110, 'ASEAR OFICINAS', 'TAREA REALIZADA PARA MANTENER LAS OFICINAS EN OPTIMAS CONDICIONES', 'A', 223);
INSERT INTO dato_basico (codigo_dato_basico, codigo_tipo_dato, nombre, descripcion, estatus, parent_codigo_dato_basico) VALUES (235, 110, 'ASEAR BANNOS', 'TAREA REALIZADA PARA MANTENER LOS BANNOS EN BUENAS CONDICIONES', 'A', 223);
INSERT INTO dato_basico (codigo_dato_basico, codigo_tipo_dato, nombre, descripcion, estatus, parent_codigo_dato_basico) VALUES (236, 110, 'CORTAR GRAMA', 'TAREA REALIZADA PARA MANTENER LAS AREAS VERDES DE LA ESCUELA', 'A', 223);
INSERT INTO dato_basico (codigo_dato_basico, codigo_tipo_dato, nombre, descripcion, estatus, parent_codigo_dato_basico) VALUES (237, 110, 'REGAR GRAMA', 'TAREA REALIZADA PARA PROPORCIONAR LA HUMEDAD NECESATRIA A LAS AREAS VERDES DE LA ESCUELA', 'A', 223);
INSERT INTO dato_basico (codigo_dato_basico, codigo_tipo_dato, nombre, descripcion, estatus, parent_codigo_dato_basico) VALUES (238, 110, 'ADORNAR INSTALACIONES', 'TAREA REALIZADA PARA AMBIENTAR LAS INSTLACIONES', 'A', 224);
INSERT INTO dato_basico (codigo_dato_basico, codigo_tipo_dato, nombre, descripcion, estatus, parent_codigo_dato_basico) VALUES (239, 110, 'CONTRATAR SONIDO', 'TAREA REALIZADA PARA BRINDAR SONIDO A LAS ACTIVIDADES', 'A', 224);
INSERT INTO dato_basico (codigo_dato_basico, codigo_tipo_dato, nombre, descripcion, estatus, parent_codigo_dato_basico) VALUES (240, 110, 'CONTRATAR FESTEJO', 'TAREA REALIZADA PARA CONTRATAR EL FESTEJO PARA UNA ACTIVIDAD', 'A', 224);
INSERT INTO dato_basico (codigo_dato_basico, codigo_tipo_dato, nombre, descripcion, estatus, parent_codigo_dato_basico) VALUES (241, 110, 'PREPARAR COMIDA', 'TAREA REALIZADA PARA PROPORCIONAR LA COMIDA NECESARIA A LAS ACTIVIDADES', 'A', 224);
INSERT INTO dato_basico (codigo_dato_basico, codigo_tipo_dato, nombre, descripcion, estatus, parent_codigo_dato_basico) VALUES (242, 110, 'SUPLIR BEBIDAS', 'TAREA REALIZADA PARA PROPORCINAR LAS BEBIDAS NECESARIAS A LAS ACTIVIDADES', 'A', 224);
INSERT INTO dato_basico (codigo_dato_basico, codigo_tipo_dato, nombre, descripcion, estatus, parent_codigo_dato_basico) VALUES (243, 102, 'COMISION DE DISCIPLINA', 'COMISION ENCARGADA DE MANTENER EL BUEN COMPORTAMIENTO DE LOS JUGADORES', 'A', NULL);
INSERT INTO dato_basico (codigo_dato_basico, codigo_tipo_dato, nombre, descripcion, estatus, parent_codigo_dato_basico) VALUES (96, 78, 'SS', NULL, 'A', 93);
INSERT INTO dato_basico (codigo_dato_basico, codigo_tipo_dato, nombre, descripcion, estatus, parent_codigo_dato_basico) VALUES (94, 77, 'PANTALON', NULL, 'A', NULL);
INSERT INTO dato_basico (codigo_dato_basico, codigo_tipo_dato, nombre, descripcion, estatus, parent_codigo_dato_basico) VALUES (98, 78, 'M', NULL, 'A', 93);
INSERT INTO dato_basico (codigo_dato_basico, codigo_tipo_dato, nombre, descripcion, estatus, parent_codigo_dato_basico) VALUES (97, 78, 'S', NULL, 'A', 93);
INSERT INTO dato_basico (codigo_dato_basico, codigo_tipo_dato, nombre, descripcion, estatus, parent_codigo_dato_basico) VALUES (99, 78, 'L', NULL, 'A', 93);
INSERT INTO dato_basico (codigo_dato_basico, codigo_tipo_dato, nombre, descripcion, estatus, parent_codigo_dato_basico) VALUES (101, 78, 'XS', NULL, 'A', 94);
INSERT INTO dato_basico (codigo_dato_basico, codigo_tipo_dato, nombre, descripcion, estatus, parent_codigo_dato_basico) VALUES (100, 78, 'XL', NULL, 'A', 93);
INSERT INTO dato_basico (codigo_dato_basico, codigo_tipo_dato, nombre, descripcion, estatus, parent_codigo_dato_basico) VALUES (102, 78, 'S-7', NULL, 'A', 94);
INSERT INTO dato_basico (codigo_dato_basico, codigo_tipo_dato, nombre, descripcion, estatus, parent_codigo_dato_basico) VALUES (103, 78, 'M-8/10', NULL, 'A', 94);
INSERT INTO dato_basico (codigo_dato_basico, codigo_tipo_dato, nombre, descripcion, estatus, parent_codigo_dato_basico) VALUES (105, 78, 'XL-16', NULL, 'A', 94);
INSERT INTO dato_basico (codigo_dato_basico, codigo_tipo_dato, nombre, descripcion, estatus, parent_codigo_dato_basico) VALUES (104, 78, 'L-12/14', NULL, 'A', 94);
INSERT INTO dato_basico (codigo_dato_basico, codigo_tipo_dato, nombre, descripcion, estatus, parent_codigo_dato_basico) VALUES (106, 78, 'XXL', NULL, 'A', 94);
INSERT INTO dato_basico (codigo_dato_basico, codigo_tipo_dato, nombre, descripcion, estatus, parent_codigo_dato_basico) VALUES (107, 78, '25', NULL, 'A', 95);
INSERT INTO dato_basico (codigo_dato_basico, codigo_tipo_dato, nombre, descripcion, estatus, parent_codigo_dato_basico) VALUES (109, 78, '27', NULL, 'A', 95);
INSERT INTO dato_basico (codigo_dato_basico, codigo_tipo_dato, nombre, descripcion, estatus, parent_codigo_dato_basico) VALUES (108, 78, '26', NULL, 'A', 95);
INSERT INTO dato_basico (codigo_dato_basico, codigo_tipo_dato, nombre, descripcion, estatus, parent_codigo_dato_basico) VALUES (110, 78, '28', NULL, 'A', 95);
INSERT INTO dato_basico (codigo_dato_basico, codigo_tipo_dato, nombre, descripcion, estatus, parent_codigo_dato_basico) VALUES (111, 78, '29', NULL, 'A', 95);
INSERT INTO dato_basico (codigo_dato_basico, codigo_tipo_dato, nombre, descripcion, estatus, parent_codigo_dato_basico) VALUES (144, 91, 'JUGADOR MAS VALIOSO DE LA TEMPORADA', NULL, 'A', NULL);
INSERT INTO dato_basico (codigo_dato_basico, codigo_tipo_dato, nombre, descripcion, estatus, parent_codigo_dato_basico) VALUES (244, 102, 'COMISION DE CAMPO', 'COMISION ENCARGADA DE COLABORAR EN LOS ENTRENAMIENTOS DE LA ESCUELA', 'A', NULL);
INSERT INTO dato_basico (codigo_dato_basico, codigo_tipo_dato, nombre, descripcion, estatus, parent_codigo_dato_basico) VALUES (245, 102, 'COMISION DE EVENTOS ESPECIALES', 'COMISION ENCARGADA DE LA ORGANIZACION DE LOS EVENTOS DE LA ESCUELA', 'A', NULL);
INSERT INTO dato_basico (codigo_dato_basico, codigo_tipo_dato, nombre, descripcion, estatus, parent_codigo_dato_basico) VALUES (246, 102, 'COMISION DE MEDIOS', 'COMISION ENCARGADA DE LOS MEDIOS DE LA ESCUELA', 'A', NULL);
INSERT INTO dato_basico (codigo_dato_basico, codigo_tipo_dato, nombre, descripcion, estatus, parent_codigo_dato_basico) VALUES (247, 103, 'KG', 'UNIDAD DE MEDIDA QUE INDICA EL PESO DE UN MATERIAL', 'A', NULL);
INSERT INTO dato_basico (codigo_dato_basico, codigo_tipo_dato, nombre, descripcion, estatus, parent_codigo_dato_basico) VALUES (248, 103, 'GR', 'UNIDAD DE MEDIDA QUE INDICA EL PESO ENKILOGRAMOS DE UN MATERIAL', 'A', NULL);
INSERT INTO dato_basico (codigo_dato_basico, codigo_tipo_dato, nombre, descripcion, estatus, parent_codigo_dato_basico) VALUES (249, 103, 'LTRS', 'UNIDAD DE MEDIDA QUE INDICA LOS LITROS DE UN MATERIAL', 'A', NULL);
INSERT INTO dato_basico (codigo_dato_basico, codigo_tipo_dato, nombre, descripcion, estatus, parent_codigo_dato_basico) VALUES (250, 103, 'MLTRS', 'UNIDAD DE MEDIDA QUE INDICA LOS MILILITROS DE UN MATERIAL ', 'A', NULL);
INSERT INTO dato_basico (codigo_dato_basico, codigo_tipo_dato, nombre, descripcion, estatus, parent_codigo_dato_basico) VALUES (251, 104, 'POR EJECUTAR', 'ESTADO QUE INDICA QUE UNA ACTIVIDAD AUN NO SE ESTA REALIZANDO ', 'A', NULL);
INSERT INTO dato_basico (codigo_dato_basico, codigo_tipo_dato, nombre, descripcion, estatus, parent_codigo_dato_basico) VALUES (252, 104, 'EJECUTANDOSE', 'ESTADO QUE INDICA QUE UNA ACTIVIDAD ESTA SIENDO LLEVASA ACABO', 'A', NULL);
INSERT INTO dato_basico (codigo_dato_basico, codigo_tipo_dato, nombre, descripcion, estatus, parent_codigo_dato_basico) VALUES (253, 104, 'SUSPENDIDA', 'ESTADO QUE INDICA QUE UNA ACTIVIDAD FUE SUSPENDIDA', 'A', NULL);
INSERT INTO dato_basico (codigo_dato_basico, codigo_tipo_dato, nombre, descripcion, estatus, parent_codigo_dato_basico) VALUES (254, 104, 'TERMINADA', 'ESTADO QUE INDICA QUE UNA ACTIVIDAD SE CULMINO', 'A', NULL);
INSERT INTO dato_basico (codigo_dato_basico, codigo_tipo_dato, nombre, descripcion, estatus, parent_codigo_dato_basico) VALUES (255, 105, 'EJECUTADA SEGUN LO PLANIFICADO', 'RESULTADO QUE INDICA QUE UNA ACTIVIDAD FUE LLEVADA ACABO SEGUN SE PLANIFICO', 'A', NULL);
INSERT INTO dato_basico (codigo_dato_basico, codigo_tipo_dato, nombre, descripcion, estatus, parent_codigo_dato_basico) VALUES (256, 105, 'SUSPENDIDA POR FALTA DE MATERIAL', 'RESULTADO QUE UNA ACTIVIDAD NO SE LLEVO ACABO POR FALTA DE MATERIALES', 'A', NULL);
INSERT INTO dato_basico (codigo_dato_basico, codigo_tipo_dato, nombre, descripcion, estatus, parent_codigo_dato_basico) VALUES (257, 105, 'SUSPENDIDA POR FALTA DE PERSONAL', 'RESULTADO QUE INDICA QUE UNA ACTIVIDAD NO SE EJECUTO POR FALTA DE PERSONAL', 'A', NULL);
INSERT INTO dato_basico (codigo_dato_basico, codigo_tipo_dato, nombre, descripcion, estatus, parent_codigo_dato_basico) VALUES (258, 105, 'EJECUTADA CON MENOS MATERIALES DE LO PREVISTO', 'RESULTADO QUE INDICA QUE UNA ACTIVIDAD FUE LLEVADA ACABO PERO NO SEGUN LO PLANIFICADO', 'A', NULL);
INSERT INTO dato_basico (codigo_dato_basico, codigo_tipo_dato, nombre, descripcion, estatus, parent_codigo_dato_basico) VALUES (259, 105, 'EJECUTADA CON MENOS DEL PERSONAL DE LO PREVISTO', 'RESULTADO QUE INDICA QUE UNA ACTIVIDAD FUE LLEVADA ACABO PERO NO SEGUN LO PLANIFICADO', 'A', NULL);
INSERT INTO dato_basico (codigo_dato_basico, codigo_tipo_dato, nombre, descripcion, estatus, parent_codigo_dato_basico) VALUES (260, 106, 'MATERIALES DE OFICINA', 'MATERIALES USADOS PARA LAS LABORES DE OFICINA DE LA ESCUELA', 'A', NULL);
INSERT INTO dato_basico (codigo_dato_basico, codigo_tipo_dato, nombre, descripcion, estatus, parent_codigo_dato_basico) VALUES (261, 106, 'MATERIALES DE MANTENIMIENTO', 'MATERIALES USADOS PARA LAS MANTENIMIENTOS DE LA ESCUELA', 'A', NULL);
INSERT INTO dato_basico (codigo_dato_basico, codigo_tipo_dato, nombre, descripcion, estatus, parent_codigo_dato_basico) VALUES (262, 106, 'MATERIALES DEPORTIVOS', 'MATERIALES USADOS PARA LAS ACTIVIDADES DEPORTIVAS DE LA ESCUELA', 'A', NULL);
INSERT INTO dato_basico (codigo_dato_basico, codigo_tipo_dato, nombre, descripcion, estatus, parent_codigo_dato_basico) VALUES (263, 107, 'HOJAS BLANCA', 'MATERIALES USADOS PARA IMPRIMIR DOCUMENTOS', 'A', 260);
INSERT INTO dato_basico (codigo_dato_basico, codigo_tipo_dato, nombre, descripcion, estatus, parent_codigo_dato_basico) VALUES (264, 107, 'GRAPAS', 'MATERIALES USADOS PARA LA GRAPADORA', 'A', 260);
INSERT INTO dato_basico (codigo_dato_basico, codigo_tipo_dato, nombre, descripcion, estatus, parent_codigo_dato_basico) VALUES (265, 107, 'BOLIGRAFOS', 'MATERIALES USADOS PARA ESCRIBIR', 'A', 260);
INSERT INTO dato_basico (codigo_dato_basico, codigo_tipo_dato, nombre, descripcion, estatus, parent_codigo_dato_basico) VALUES (266, 107, 'CAL', 'MATERIALES USADOS PARA MARCAR EL CAMPO', 'A', 261);
INSERT INTO dato_basico (codigo_dato_basico, codigo_tipo_dato, nombre, descripcion, estatus, parent_codigo_dato_basico) VALUES (267, 107, 'RASTRILLO', 'MATERIALES USADOS PARA RASTRILLAR EL CAMPO', 'A', 261);
INSERT INTO dato_basico (codigo_dato_basico, codigo_tipo_dato, nombre, descripcion, estatus, parent_codigo_dato_basico) VALUES (268, 107, 'FERTILIZANTE', 'MATERIALES USADOS PARA FERTILIZAR EL CAMPO', 'A', 261);
INSERT INTO dato_basico (codigo_dato_basico, codigo_tipo_dato, nombre, descripcion, estatus, parent_codigo_dato_basico) VALUES (269, 107, 'CLORO', 'MATERIALES USADOS PARA ASEAR LAS INSTALACIONES INTERNAS', 'A', 261);
INSERT INTO dato_basico (codigo_dato_basico, codigo_tipo_dato, nombre, descripcion, estatus, parent_codigo_dato_basico) VALUES (270, 107, 'CEPILLO PARA BARRER', 'MATERIALES USADOS PARA QUITAR RESIDUO DELAS INSTALACIONES INTERNAS', 'A', 261);
INSERT INTO dato_basico (codigo_dato_basico, codigo_tipo_dato, nombre, descripcion, estatus, parent_codigo_dato_basico) VALUES (271, 107, 'DESINFECTANTE', 'MATERIALES USADOS PARA EL ASEO DE LAS INSTALACIONES INTERNAS', 'A', 261);
INSERT INTO dato_basico (codigo_dato_basico, codigo_tipo_dato, nombre, descripcion, estatus, parent_codigo_dato_basico) VALUES (272, 107, 'GUANTE', 'MATERIALES USADO PARA ATAJAR LAS PELOTAS', 'A', 262);
INSERT INTO dato_basico (codigo_dato_basico, codigo_tipo_dato, nombre, descripcion, estatus, parent_codigo_dato_basico) VALUES (273, 107, 'CASCO', 'MATERIALES USADO PROTEGER EL CRANEO DE LOS JUGADORES', 'A', 262);
INSERT INTO dato_basico (codigo_dato_basico, codigo_tipo_dato, nombre, descripcion, estatus, parent_codigo_dato_basico) VALUES (274, 108, 'PREVENTIVO', 'MANTENIMIENTO REALIZADO PARA PREVEER EL MAL ESTADO DE UN AREA DE LA ESCUELA', 'A', NULL);
INSERT INTO dato_basico (codigo_dato_basico, codigo_tipo_dato, nombre, descripcion, estatus, parent_codigo_dato_basico) VALUES (275, 108, 'CORRECTIVO', 'MANTENIMIENTO REALIZADO UNA VEZ QUE UN AREA DE LA ESCUELA SE ENCUENTRA EN MAL ESTADO', 'A', NULL);
INSERT INTO dato_basico (codigo_dato_basico, codigo_tipo_dato, nombre, descripcion, estatus, parent_codigo_dato_basico) VALUES (276, 109, 'MANTENIMIENTO DEL CAMPO', 'MANTENIMIENTO REALIZADO PARA PREVEER EL MAL ESTADO DEL CAMPO', 'A', 274);
INSERT INTO dato_basico (codigo_dato_basico, codigo_tipo_dato, nombre, descripcion, estatus, parent_codigo_dato_basico) VALUES (277, 109, 'LIMPIAR AREAS INTERNAS', 'MANTENIMIENTO REALIZADO PARA PREVEER EL MAL ESTADO DE LAS INSTALACIONES DE LA ESCUELA', 'A', 274);
INSERT INTO dato_basico (codigo_dato_basico, codigo_tipo_dato, nombre, descripcion, estatus, parent_codigo_dato_basico) VALUES (278, 109, 'REPARAR APLANADORA', 'MANTENIMIENTO REALIZADO EN CASO DE QUE SE DESCOMPONGA LA APLANADORA DEL CAMPO', 'A', 275);
INSERT INTO dato_basico (codigo_dato_basico, codigo_tipo_dato, nombre, descripcion, estatus, parent_codigo_dato_basico) VALUES (279, 109, 'CAMBIAR GRIFOS', 'MANTENIMIENTO REALIZADO EN CASO DE QUE SE DESCOMPONGA UN GRIFO DE AGUA', 'A', 275);
INSERT INTO dato_basico (codigo_dato_basico, codigo_tipo_dato, nombre, descripcion, estatus, parent_codigo_dato_basico) VALUES (143, 91, 'JUGADOR MAS VALIOSO DE LA CATEGORIA', NULL, 'A', NULL);
INSERT INTO dato_basico (codigo_dato_basico, codigo_tipo_dato, nombre, descripcion, estatus, parent_codigo_dato_basico) VALUES (280, 83, 'INFORME MEDICO', NULL, 'A', 150);



INSERT INTO categoria (codigo_categoria, nombre, edad_inferior, edad_superior, cantidad_equipo, minimo_jugador, maximo_jugador, estatus) VALUES (1, 'Preparatorio I Nivel', 3, 5, 6, 12, 20, 'A');
INSERT INTO categoria (codigo_categoria, nombre, edad_inferior, edad_superior, cantidad_equipo, minimo_jugador, maximo_jugador, estatus) VALUES (2, 'Preparatorio II Nivel', 6, 7, 6, 12, 20, 'A');
INSERT INTO categoria (codigo_categoria, nombre, edad_inferior, edad_superior, cantidad_equipo, minimo_jugador, maximo_jugador, estatus) VALUES (3, 'Preinfantil', 8, 9, 6, 12, 20, 'A');
INSERT INTO categoria (codigo_categoria, nombre, edad_inferior, edad_superior, cantidad_equipo, minimo_jugador, maximo_jugador, estatus) VALUES (4, 'Infantil', 10, 11, 6, 12, 20, 'A');
INSERT INTO categoria (codigo_categoria, nombre, edad_inferior, edad_superior, cantidad_equipo, minimo_jugador, maximo_jugador, estatus) VALUES (5, 'PreJunior', 12, 13, 6, 12, 20, 'A');
INSERT INTO categoria (codigo_categoria, nombre, edad_inferior, edad_superior, cantidad_equipo, minimo_jugador, maximo_jugador, estatus) VALUES (6, 'Junior', 14, 15, 6, 12, 20, 'A');
INSERT INTO categoria (codigo_categoria, nombre, edad_inferior, edad_superior, cantidad_equipo, minimo_jugador, maximo_jugador, estatus) VALUES (7, 'Juvenil', 16, 17, 6, 12, 20, 'A');


INSERT INTO divisa (codigo_divisa, codigo_parroquia, nombre, direccion, telefono, correo_electronico, persona_contacto, logo, estatus) VALUES (1, 28, 'Fundalara', 'Oficina Barquisimeto Este, Urbanización Fundalara Av Caroní con Bélgica', '0251-2530910', 'jose_mt@hotmail.co', 'Jose Luis Montero', NULL, 'A');




INSERT INTO equipo (codigo_equipo, codigo_clasificacion, codigo_categoria, codigo_divisa, nombre, estatus) VALUES (1, 87, 1, 1, 'Preparatoriol I A', 'A');
INSERT INTO equipo (codigo_equipo, codigo_clasificacion, codigo_categoria, codigo_divisa, nombre, estatus) VALUES (2, 88, 1, 1, 'Preparatorio I B', 'A');
INSERT INTO equipo (codigo_equipo, codigo_clasificacion, codigo_categoria, codigo_divisa, nombre, estatus) VALUES (3, 87, 2, 1, 'Preparatoriol II A', 'A');
INSERT INTO equipo (codigo_equipo, codigo_clasificacion, codigo_categoria, codigo_divisa, nombre, estatus) VALUES (4, 88, 2, 1, 'Preparatorio II B', 'A');
INSERT INTO equipo (codigo_equipo, codigo_clasificacion, codigo_categoria, codigo_divisa, nombre, estatus) VALUES (5, 87, 3, 1, 'Preinfantil A', 'A');
INSERT INTO equipo (codigo_equipo, codigo_clasificacion, codigo_categoria, codigo_divisa, nombre, estatus) VALUES (6, 88, 3, 1, 'Preinfantil B', 'A');






INSERT INTO medico (numero_colegio, codigo_especialidad, matricula, cedula_medico, nombre, apellido, telefono_oficina, telefono_celular, fecha_ingreso, estatus) VALUES ('123456', 140, '12345', 'V-15100100', 'Gregory', 'House', '0416-1002020', '0416-2010101', '2011-10-10', 'A');




INSERT INTO institucion (codigo_institucion, codigo_parroquia, codigo_tipo_institucion, nombre, direccion, estatus) VALUES (1, 37, 131, 'Escuela Bolivariana Bolivia Tovar', 'Barquisimeto', 'A');
INSERT INTO institucion (codigo_institucion, codigo_parroquia, codigo_tipo_institucion, nombre, direccion, estatus) VALUES (2, 37, 131, 'Escuela Bolivariana Dr. Ramón Gualdron', 'Barquisimeto', 'A');
INSERT INTO institucion (codigo_institucion, codigo_parroquia, codigo_tipo_institucion, nombre, direccion, estatus) VALUES (3, 37, 132, 'Escuela de Fútbol Menor Polideportivo Máximo Viloria', 'Barquisimeto', 'A');
INSERT INTO institucion (codigo_institucion, codigo_parroquia, codigo_tipo_institucion, nombre, direccion, estatus) VALUES (4, 37, 132, 'Conservatorio Vicente Emilio Sojo', 'Barquisimeto', 'A');




INSERT INTO recaudo_por_proceso (codigo_recaudo_por_proceso, codigo_importancia, codigo_proceso, codigo_documento, cantidad, estatus) VALUES (1, 127, 129, 152, 2, 'A');
INSERT INTO recaudo_por_proceso (codigo_recaudo_por_proceso, codigo_importancia, codigo_proceso, codigo_documento, cantidad, estatus) VALUES (2, 127, 129, 151, 1, 'A');
INSERT INTO recaudo_por_proceso (codigo_recaudo_por_proceso, codigo_importancia, codigo_proceso, codigo_documento, cantidad, estatus) VALUES (3, 128, 129, 280, 1, 'A');


